<?xml version="1.0" encoding="utf-8" ?>
<Defs>

	<WorkGiverDef>
		<defName>CraftRimPlasInjMld</defName>
		<label>Operate Injection Moulder</label>
		<giverClass>WorkGiver_DoBill</giverClass> 
		<workType>Crafting</workType>
		<priorityInType>51</priorityInType>
		<fixedBillGiverDefs>
			<li>RimPlas_InjMldMachine</li>
		</fixedBillGiverDefs>
		<verb>mould</verb>
		<gerund>operating</gerund>
		<requiredCapacities>
			<li>Manipulation</li>
		</requiredCapacities>
		<prioritizeSustains>true</prioritizeSustains>
	</WorkGiverDef>
	
	<WorkGiverDef>
		<defName>CraftRimPlasAdvInjMld</defName>
		<label>Operate Advanced Injection Moulder</label>
		<giverClass>WorkGiver_DoBill</giverClass> 
		<workType>Crafting</workType>
		<priorityInType>52</priorityInType>
		<fixedBillGiverDefs>
			<li>RimPlas_AdvInjMld</li>
		</fixedBillGiverDefs>
		<verb>mould</verb>
		<gerund>operating</gerund>
		<requiredCapacities>
			<li>Manipulation</li>
		</requiredCapacities>
		<prioritizeSustains>true</prioritizeSustains>
	</WorkGiverDef>
	
	<WorkGiverDef>
		<defName>CraftRimPlasMechBreaker</defName>
		<label>Use Mech Breaker</label>
		<giverClass>WorkGiver_DoBill</giverClass> 
		<workType>Crafting</workType>
		<priorityInType>53</priorityInType>
		<fixedBillGiverDefs>
			<li>RimPlas_MechBreaker</li>
		</fixedBillGiverDefs>
		<verb>break down</verb>
		<gerund>using</gerund>
		<requiredCapacities>
			<li>Manipulation</li>
		</requiredCapacities>
		<prioritizeSustains>true</prioritizeSustains>
	</WorkGiverDef>

</Defs>






