<?xml version="1.0" encoding="utf-8" ?>
<Defs>

	<!-- ============ RimRayon ============================== -->
	
	<RecipeDef>
		<defName>MakeRimRayon</defName>
	    <jobString>Making RimRayon.</jobString>
		<label>Make RimRayon</label>
		<description>Make RimRayon.</description>
		<workAmount>800</workAmount>
		<workSpeedStat>DrugSynthesisSpeed</workSpeedStat>
		<effectWorking>Cremate</effectWorking>
		<soundWorking>Recipe_Cremate</soundWorking>
		<targetCountAdjustment>20</targetCountAdjustment>
		<workSkill>Intellectual</workSkill>
		<ingredients>
			<li>
				<filter>
					<thingDefs>
						<li>WoodLog</li>
					</thingDefs>
				</filter>
				<count>15</count>
			</li>
			<li>
				<filter>
					<thingDefs>
						<li>Chemfuel</li>
					</thingDefs>
				</filter>
				<count>10</count>
			</li>
		</ingredients>
		<products>
			<RimRayon>20</RimRayon>
		</products>
      	<skillRequirements>
			<Intellectual>5</Intellectual>
      	</skillRequirements>
		<fixedIngredientFilter>
			<thingDefs>
				<li>WoodLog</li>
				<li>Chemfuel</li>
			</thingDefs>
		</fixedIngredientFilter>
	    <recipeUsers>
			<li>BiofuelRefinery</li>
		</recipeUsers>
		<researchPrerequisite>RimPlas_SemiSynth</researchPrerequisite>
	</RecipeDef>
	
	<!-- ============ Synthbase ============================== -->
	
	<RecipeDef>
		<defName>MakeSynthbase</defName>
	    <jobString>Making Synthbase.</jobString>
		<label>Make Synthbase</label>
		<description>Make synthbase.</description>
		<workAmount>500</workAmount>
		<workSpeedStat>DrugSynthesisSpeed</workSpeedStat>
		<effectWorking>Cremate</effectWorking>
		<soundWorking>Recipe_Cremate</soundWorking>
		<targetCountAdjustment>5</targetCountAdjustment>
		<workSkill>Intellectual</workSkill>
		<ingredients>
			<li>
				<filter>
					<thingDefs>
						<li>Chemfuel</li>
					</thingDefs>
				</filter>
				<count>25</count>
			</li>
		</ingredients>
		<products>
			<Synthbase>5</Synthbase>
		</products>
      	<skillRequirements>
			<Intellectual>8</Intellectual>
      	</skillRequirements>
		<fixedIngredientFilter>
			<thingDefs>
				<li>Chemfuel</li>
			</thingDefs>
		</fixedIngredientFilter>
	    <recipeUsers>
			<li>BiofuelRefinery</li>
		</recipeUsers>
		<researchPrerequisite>RimPlas_Synth</researchPrerequisite>
	</RecipeDef>
	
	<!-- =============== Synthread ================= -->
	
	<RecipeDef>
		<defName>RimPlasMakeSynthread</defName>
	    <jobString>Making Synthread.</jobString>
		<label>Make Synthread</label>
		<description>Make 25 Synthread.</description>
		<workAmount>200</workAmount>
		<workSpeedStat>DrugSynthesisSpeed</workSpeedStat>
		<effectWorking>Cremate</effectWorking>
		<soundWorking>Recipe_Cremate</soundWorking>
		<targetCountAdjustment>25</targetCountAdjustment>
		<workSkill>Intellectual</workSkill>
		<ingredients>
			<li>
				<filter>
					<thingDefs>
						<li>Synthbase</li>
					</thingDefs>
				</filter>
				<count>5</count>
			</li>
			<li>
				<filter>
					<thingDefs>
						<li>RimPoly</li>
					</thingDefs>
				</filter>
				<count>25</count>
			</li>
		</ingredients>
		<products>
			<Synthread>25</Synthread>
		</products>
      	<skillRequirements>
			<Intellectual>8</Intellectual>
      	</skillRequirements>
		<fixedIngredientFilter>
			<thingDefs>
				<li>Synthbase</li>
				<li>RimPoly</li>
			</thingDefs>
		</fixedIngredientFilter>
	    <recipeUsers>
			<li>BiofuelRefinery</li>
		</recipeUsers>
		<researchPrerequisite>RimPlas_Synth</researchPrerequisite>
	</RecipeDef>
	
	<RecipeDef>
		<defName>RimPlasBulkSynthread</defName>
	    <jobString>Making Synthread.</jobString>
		<label>Make Synthread in bulk</label>
		<description>Make 100 Synthread.</description>
		<workAmount>750</workAmount>
		<workSpeedStat>DrugSynthesisSpeed</workSpeedStat>
		<effectWorking>Cremate</effectWorking>
		<soundWorking>Recipe_Cremate</soundWorking>
		<targetCountAdjustment>100</targetCountAdjustment>
		<workSkill>Intellectual</workSkill>
		<ingredients>
			<li>
				<filter>
					<thingDefs>
						<li>Synthbase</li>
					</thingDefs>
				</filter>
				<count>20</count>
			</li>
			<li>
				<filter>
					<thingDefs>
						<li>RimPoly</li>
					</thingDefs>
				</filter>
				<count>100</count>
			</li>
		</ingredients>
		<products>
			<Synthread>100</Synthread>
		</products>
      	<skillRequirements>
			<Intellectual>9</Intellectual>
      	</skillRequirements>
		<fixedIngredientFilter>
			<thingDefs>
				<li>Synthbase</li>
				<li>RimPoly</li>
			</thingDefs>
		</fixedIngredientFilter>
	    <recipeUsers>
			<li>BiofuelRefinery</li>
		</recipeUsers>
		<researchPrerequisite>RimPlas_Synth</researchPrerequisite>
	</RecipeDef>
	
		<!-- =============== DevilSynth ================= -->
	
	<RecipeDef>
		<defName>RimPlasMakeDevilSynth</defName>
	    <jobString>Making DevilSynth.</jobString>
		<label>Make DevilSynth</label>
		<description>Make 25 DevilSynth.</description>
		<workAmount>250</workAmount>
		<workSpeedStat>DrugSynthesisSpeed</workSpeedStat>
		<effectWorking>Cremate</effectWorking>
		<soundWorking>Recipe_Cremate</soundWorking>
		<targetCountAdjustment>25</targetCountAdjustment>
		<workSkill>Intellectual</workSkill>
		<ingredients>
			<li>
				<filter>
					<thingDefs>
						<li>Synthbase</li>
					</thingDefs>
				</filter>
				<count>5</count>
			</li>
			<li>
				<filter>
					<thingDefs>
						<li>RimPoly</li>
					</thingDefs>
				</filter>
				<count>12</count>
			</li>
			<li>
				<filter>
					<thingDefs>
						<li>DevilstrandCloth</li>
					</thingDefs>
				</filter>
				<count>13</count>
			</li>
		</ingredients>
		<products>
			<RimPlasDevilSynth>25</RimPlasDevilSynth>
		</products>
      	<skillRequirements>
			<Intellectual>10</Intellectual>
      	</skillRequirements>
		<fixedIngredientFilter>
			<thingDefs>
				<li>Synthbase</li>
				<li>RimPoly</li>
				<li>DevilstrandCloth</li>
			</thingDefs>
		</fixedIngredientFilter>
	    <recipeUsers>
			<li>BiofuelRefinery</li>
		</recipeUsers>
		<researchPrerequisite>RimPlas_Synth</researchPrerequisite>
	</RecipeDef>
	
		<RecipeDef>
		<defName>RimPlasBulkDevilSynth</defName>
	    <jobString>Making DevilSynth.</jobString>
		<label>Make DevilSynth in bulk</label>
		<description>Make 100 DevilSynth.</description>
		<workAmount>900</workAmount>
		<workSpeedStat>DrugSynthesisSpeed</workSpeedStat>
		<effectWorking>Cremate</effectWorking>
		<soundWorking>Recipe_Cremate</soundWorking>
		<targetCountAdjustment>100</targetCountAdjustment>
		<workSkill>Intellectual</workSkill>
		<ingredients>
			<li>
				<filter>
					<thingDefs>
						<li>Synthbase</li>
					</thingDefs>
				</filter>
				<count>20</count>
			</li>
			<li>
				<filter>
					<thingDefs>
						<li>RimPoly</li>
					</thingDefs>
				</filter>
				<count>48</count>
			</li>
			<li>
				<filter>
					<thingDefs>
						<li>DevilstrandCloth</li>
					</thingDefs>
				</filter>
				<count>52</count>
			</li>
		</ingredients>
		<products>
			<RimPlasDevilSynth>100</RimPlasDevilSynth>
		</products>
      	<skillRequirements>
			<Intellectual>11</Intellectual>
      	</skillRequirements>
		<fixedIngredientFilter>
			<thingDefs>
				<li>Synthbase</li>
				<li>RimPoly</li>
				<li>DevilstrandCloth</li>
			</thingDefs>
		</fixedIngredientFilter>
	    <recipeUsers>
			<li>BiofuelRefinery</li>
		</recipeUsers>
		<researchPrerequisite>RimPlas_Synth</researchPrerequisite>
	</RecipeDef>
	
	<!-- ====================== Plasteel ========================== -->
	
	<RecipeDef>
		<defName>RimPlasMakePlasteel</defName>
	    <jobString>Making Plasteel.</jobString>
		<label>Make Plasteel</label>
		<description>Make 25 Plasteel.</description>
		<workAmount>500</workAmount>
		<workSpeedStat>GeneralLaborSpeed</workSpeedStat>
		<effectWorking>Cremate</effectWorking>
		<soundWorking>Recipe_Cremate</soundWorking>
		<targetCountAdjustment>25</targetCountAdjustment>
		<workSkill>Crafting</workSkill>
		<ingredients>
			<li>
				<filter>
					<thingDefs>
						<li>Synthbase</li>
					</thingDefs>
				</filter>
				<count>10</count>
			</li>
			<li>
				<filter>
					<thingDefs>
						<li>RimPlas</li>
					</thingDefs>
				</filter>
				<count>25</count>
			</li>
			<li>
				<filter>
					<thingDefs>
						<li>Steel</li>
					</thingDefs>
				</filter>
				<count>25</count>
			</li>
		</ingredients>
		<products>
			<Plasteel>25</Plasteel>
		</products>
      	<skillRequirements>
			<Crafting>12</Crafting>
      	</skillRequirements>
		<fixedIngredientFilter>
			<thingDefs>
				<li>Synthbase</li>
				<li>RimPlas</li>
				<li>Steel</li>
			</thingDefs>
		</fixedIngredientFilter>
	    <recipeUsers>
			<li>RimPlas_InjMldMachine</li>   <!-- New Production item -->
		</recipeUsers>
		<researchPrerequisite>RimPlas_Synth_Plasteel</researchPrerequisite>
	</RecipeDef>
	
	<RecipeDef>
		<defName>RimPlasBulkPlasteel</defName>
	    <jobString>Making Plasteel.</jobString>
		<label>Make Plasteel in bulk</label>
		<description>Make 100 Plasteel.</description>
		<workAmount>1900</workAmount>
		<workSpeedStat>GeneralLaborSpeed</workSpeedStat>
		<effectWorking>Cremate</effectWorking>
		<soundWorking>Recipe_Cremate</soundWorking>
		<targetCountAdjustment>100</targetCountAdjustment>
		<workSkill>Crafting</workSkill>
		<ingredients>
			<li>
				<filter>
					<thingDefs>
						<li>Synthbase</li>
					</thingDefs>
				</filter>
				<count>40</count>
			</li>
			<li>
				<filter>
					<thingDefs>
						<li>RimPlas</li>
					</thingDefs>
				</filter>
				<count>100</count>
			</li>
			<li>
				<filter>
					<thingDefs>
						<li>Steel</li>
					</thingDefs>
				</filter>
				<count>100</count>
			</li>
		</ingredients>
		<products>
			<Plasteel>100</Plasteel>
		</products>
      	<skillRequirements>
			<Crafting>13</Crafting>
      	</skillRequirements>
		<fixedIngredientFilter>
			<thingDefs>
				<li>Synthbase</li>
				<li>RimPlas</li>
				<li>Steel</li>
			</thingDefs>
		</fixedIngredientFilter>
	    <recipeUsers>
			<li>RimPlas_InjMldMachine</li>
		</recipeUsers>
		<researchPrerequisite>RimPlas_Synth_Plasteel</researchPrerequisite>
	</RecipeDef>
	
		<!-- ====================== Plasteel Wool ========================== -->
	
	<RecipeDef>
		<defName>RimPlasMakePlasteelWool</defName>
	    <jobString>Making Plasteel Wool.</jobString>
		<label>Make Plasteel Wool</label>
		<description>Make 25 Plasteel Wool.</description>
		<workAmount>400</workAmount>
		<workSpeedStat>GeneralLaborSpeed</workSpeedStat>
		<effectWorking>Cremate</effectWorking>
		<soundWorking>Recipe_Cremate</soundWorking>
		<targetCountAdjustment>25</targetCountAdjustment>
		<workSkill>Crafting</workSkill>
		<ingredients>
			<li>
				<filter>
					<thingDefs>
						<li>Synthbase</li>
					</thingDefs>
				</filter>
				<count>5</count>
			</li>
			<li>
				<filter>
					<thingDefs>
						<li>RimPoly</li>
					</thingDefs>
				</filter>
				<count>12</count>
			</li>
			<li>
				<filter>
					<thingDefs>
						<li>Plasteel</li>
					</thingDefs>
				</filter>
				<count>13</count>
			</li>
		</ingredients>
		<products>
			<RimPlas_Plasteel_Wool>25</RimPlas_Plasteel_Wool>
		</products>
      	<skillRequirements>
			<Crafting>12</Crafting>
      	</skillRequirements>
		<fixedIngredientFilter>
			<thingDefs>
				<li>Synthbase</li>
				<li>RimPoly</li>
				<li>Plasteel</li>
			</thingDefs>
		</fixedIngredientFilter>
	    <recipeUsers>
			<li>RimPlas_InjMldMachine</li>   <!-- New Production item -->
		</recipeUsers>
		<researchPrerequisite>RimPlas_Synth_Plasteel</researchPrerequisite>
	</RecipeDef>
	
	<RecipeDef>
		<defName>RimPlasBulkPlasteelWool</defName>
	    <jobString>Making Plasteel Wool.</jobString>
		<label>Make Plasteel Wool in bulk</label>
		<description>Make 100 Plasteel Wool.</description>
		<workAmount>1500</workAmount>
		<workSpeedStat>GeneralLaborSpeed</workSpeedStat>
		<effectWorking>Cremate</effectWorking>
		<soundWorking>Recipe_Cremate</soundWorking>
		<targetCountAdjustment>100</targetCountAdjustment>
		<workSkill>Crafting</workSkill>
		<ingredients>
			<li>
				<filter>
					<thingDefs>
						<li>Synthbase</li>
					</thingDefs>
				</filter>
				<count>20</count>
			</li>
			<li>
				<filter>
					<thingDefs>
						<li>RimPoly</li>
					</thingDefs>
				</filter>
				<count>48</count>
			</li>
			<li>
				<filter>
					<thingDefs>
						<li>Plasteel</li>
					</thingDefs>
				</filter>
				<count>52</count>
			</li>
		</ingredients>
		<products>
			<RimPlas_Plasteel_Wool>100</RimPlas_Plasteel_Wool>
		</products>
      	<skillRequirements>
			<Crafting>13</Crafting>
      	</skillRequirements>
		<fixedIngredientFilter>
			<thingDefs>
				<li>Synthbase</li>
				<li>RimPoly</li>
				<li>Plasteel</li>
			</thingDefs>
		</fixedIngredientFilter>
	    <recipeUsers>
			<li>RimPlas_InjMldMachine</li>
		</recipeUsers>
		<researchPrerequisite>RimPlas_Synth_Plasteel</researchPrerequisite>
	</RecipeDef>
	
	<!-- ====================== ElectroSteel Wool ========================== -->
	
	<RecipeDef>
		<defName>RimPlasMakeElectroSteelWool</defName>
	    <jobString>Making ElectroSteel Wool.</jobString>
		<label>Make ElectroSteel Wool</label>
		<description>Make 25 ElectroSteel Wool.</description>
		<workAmount>400</workAmount>
		<workSpeedStat>GeneralLaborSpeed</workSpeedStat>
		<effectWorking>Cremate</effectWorking>
		<soundWorking>Recipe_Cremate</soundWorking>
		<targetCountAdjustment>25</targetCountAdjustment>
		<workSkill>Crafting</workSkill>
		<ingredients>
			<li>
				<filter>
					<thingDefs>
						<li>Synthbase</li>
					</thingDefs>
				</filter>
				<count>5</count>
			</li>
			<li>
				<filter>
					<thingDefs>
						<li>Steel</li>
					</thingDefs>
				</filter>
				<count>20</count>
			</li>
			<li>
				<filter>
					<thingDefs>
						<li>Silver</li>
					</thingDefs>
				</filter>
				<count>0.5</count>
			</li>
		</ingredients>
		<products>
			<RimPlas_ElectroSteel_Wool>25</RimPlas_ElectroSteel_Wool>
		</products>
      	<skillRequirements>
			<Crafting>9</Crafting>
      	</skillRequirements>
		<fixedIngredientFilter>
			<thingDefs>
				<li>Synthbase</li>
				<li>Steel</li>
				<li>Silver</li>
			</thingDefs>
		</fixedIngredientFilter>
	    <recipeUsers>
			<li>RimPlas_InjMldMachine</li>
		</recipeUsers>
		<researchPrerequisite>RimPlas_Synth</researchPrerequisite>
	</RecipeDef>
	
	<RecipeDef>
		<defName>RimPlasBulkElectroSteelWool</defName>
	    <jobString>Making ElectroSteel Wool.</jobString>
		<label>Make ElectroSteel Wool in bulk</label>
		<description>Make 100 ElectroSteel Wool.</description>
		<workAmount>1500</workAmount>
		<workSpeedStat>GeneralLaborSpeed</workSpeedStat>
		<effectWorking>Cremate</effectWorking>
		<soundWorking>Recipe_Cremate</soundWorking>
		<targetCountAdjustment>100</targetCountAdjustment>
		<workSkill>Crafting</workSkill>
		<ingredients>
			<li>
				<filter>
					<thingDefs>
						<li>Synthbase</li>
					</thingDefs>
				</filter>
				<count>20</count>
			</li>
			<li>
				<filter>
					<thingDefs>
						<li>Steel</li>
					</thingDefs>
				</filter>
				<count>80</count>
			</li>
			<li>
				<filter>
					<thingDefs>
						<li>Silver</li>
					</thingDefs>
				</filter>
				<count>2</count>
			</li>
		</ingredients>
		<products>
			<RimPlas_ElectroSteel_Wool>100</RimPlas_ElectroSteel_Wool>
		</products>
      	<skillRequirements>
			<Crafting>10</Crafting>
      	</skillRequirements>
		<fixedIngredientFilter>
			<thingDefs>
				<li>Synthbase</li>
				<li>Steel</li>
				<li>Silver</li>
			</thingDefs>
		</fixedIngredientFilter>
	    <recipeUsers>
			<li>RimPlas_InjMldMachine</li>
		</recipeUsers>
		<researchPrerequisite>RimPlas_Synth</researchPrerequisite>
	</RecipeDef>
	
	<!-- ====================== Gold Wool ========================== -->
	
	<RecipeDef>
		<defName>RimPlasMakeGoldWool</defName>
	    <jobString>Making Gold Wool.</jobString>
		<label>Make Gold Wool</label>
		<description>Make 25 Gold Wool.</description>
		<workAmount>400</workAmount>
		<workSpeedStat>GeneralLaborSpeed</workSpeedStat>
		<effectWorking>Cremate</effectWorking>
		<soundWorking>Recipe_Cremate</soundWorking>
		<targetCountAdjustment>25</targetCountAdjustment>
		<workSkill>Crafting</workSkill>
		<ingredients>
			<li>
				<filter>
					<thingDefs>
						<li>Synthbase</li>
					</thingDefs>
				</filter>
				<count>5</count>
			</li>
			<li>
				<filter>
					<thingDefs>
						<li>Gold</li>
					</thingDefs>
				</filter>
				<count>2.5</count>
			</li>
		</ingredients>
		<products>
			<RimPlas_Gold_Wool>25</RimPlas_Gold_Wool>
		</products>
      	<skillRequirements>
			<Crafting>9</Crafting>
      	</skillRequirements>
		<fixedIngredientFilter>
			<thingDefs>
				<li>Synthbase</li>
				<li>Gold</li>
			</thingDefs>
		</fixedIngredientFilter>
	    <recipeUsers>
			<li>RimPlas_InjMldMachine</li>
		</recipeUsers>
		<researchPrerequisite>RimPlas_Synth</researchPrerequisite>
	</RecipeDef>
	
	<RecipeDef>
		<defName>RimPlasBulkGoldWool</defName>
	    <jobString>Making Gold Wool.</jobString>
		<label>Make Gold Wool in bulk</label>
		<description>Make 100 Gold Wool.</description>
		<workAmount>1500</workAmount>
		<workSpeedStat>GeneralLaborSpeed</workSpeedStat>
		<effectWorking>Cremate</effectWorking>
		<soundWorking>Recipe_Cremate</soundWorking>
		<targetCountAdjustment>100</targetCountAdjustment>
		<workSkill>Crafting</workSkill>
		<ingredients>
			<li>
				<filter>
					<thingDefs>
						<li>Synthbase</li>
					</thingDefs>
				</filter>
				<count>20</count>
			</li>
			<li>
				<filter>
					<thingDefs>
						<li>Gold</li>
					</thingDefs>
				</filter>
				<count>10</count>
			</li>
		</ingredients>
		<products>
			<RimPlas_Gold_Wool>100</RimPlas_Gold_Wool>
		</products>
      	<skillRequirements>
			<Crafting>10</Crafting>
      	</skillRequirements>
		<fixedIngredientFilter>
			<thingDefs>
				<li>Synthbase</li>
				<li>Gold</li>
			</thingDefs>
		</fixedIngredientFilter>
	    <recipeUsers>
			<li>RimPlas_InjMldMachine</li>
		</recipeUsers>
		<researchPrerequisite>RimPlas_Synth</researchPrerequisite>
	</RecipeDef>
	
	<!-- Hyperweave -->
	
		<RecipeDef>
		<defName>RimPlasMakeHyperweave</defName>
	    <jobString>Making Hyperweave.</jobString>
		<label>Make Hyperweave</label>
		<description>Make 25 Hyperweave.</description>
		<workAmount>500</workAmount>
		<workSpeedStat>GeneralLaborSpeed</workSpeedStat>
		<effectWorking>Cremate</effectWorking>
		<soundWorking>Recipe_Cremate</soundWorking>
		<targetCountAdjustment>25</targetCountAdjustment>
		<workSkill>Crafting</workSkill>
		<ingredients>
			<li>
				<filter>
					<thingDefs>
						<li>Synthbase</li>
					</thingDefs>
				</filter>
				<count>5</count>
			</li>
			<li>
				<filter>
					<thingDefs>
						<li>Synthread</li>
					</thingDefs>
				</filter>
				<count>25</count>
			</li>
			<li>
				<filter>
					<thingDefs>
						<li>RPMechanites</li>
					</thingDefs>
				</filter>
				<count>1</count>
			</li>
		</ingredients>
		<products>
			<Hyperweave>25</Hyperweave>
		</products>
      	<skillRequirements>
			<Crafting>12</Crafting>
      	</skillRequirements>
		<fixedIngredientFilter>
			<thingDefs>
				<li>Synthbase</li>
				<li>Synthread</li>
				<li>RPMechanites</li>
			</thingDefs>
		</fixedIngredientFilter>
	    <recipeUsers>
			<li>RimPlas_AdvInjMld</li>
		</recipeUsers>
		<researchPrerequisite>RimPlas_AdvInjMld</researchPrerequisite>
	</RecipeDef>
</Defs>