<?xml version="1.0" encoding="utf-8" ?>
<Defs>

  <RecipeDef>
    <defName>RPButcherCorpseMechanoid</defName>
    <label>disassemble mechanoid</label>
    <description>Disassemble a dead mechanoid into its component parts.</description>
    <jobString>Disassembling mechanoid.</jobString>
    <workAmount>350</workAmount>
    <workSpeedStat>ButcheryMechanoidSpeed</workSpeedStat>
    <workSkill>Crafting</workSkill>
    <efficiencyStat>ButcheryMechanoidEfficiency</efficiencyStat>
    <effectWorking>ButcherMechanoid</effectWorking>
    <soundWorking>Recipe_ButcherCorpseMechanoid</soundWorking>
	<recipeUsers>
		<li>RimPlas_MechBreaker</li>
	</recipeUsers>
    <ingredients>
      <li>
        <filter>
          <categories>
            <li>Corpses</li>
          </categories>
        </filter>
        <count>1</count>
      </li>
    </ingredients>
	<products>
		<RPMechanites>1</RPMechanites>
	</products>
    <specialProducts>
      	<li>Butchery</li>
    </specialProducts>
    <fixedIngredientFilter>
      	<categories>
        		<li>CorpsesMechanoid</li>
      	</categories>
    </fixedIngredientFilter>
  </RecipeDef>
	
</Defs>