<?xml version="1.0" encoding="utf-8" ?>
<Defs>
	
	<!-- ============ CarboPitch ============================== -->
	
	<RecipeDef>
		<defName>MakeCarboPitch</defName>
	    <jobString>Making Pitch</jobString>
		<label>Make Pitch</label>
		<description>Make 100 Pitch</description>
		<workAmount>700</workAmount>
		<workSpeedStat>DrugSynthesisSpeed</workSpeedStat>
		<effectWorking>Cremate</effectWorking>
		<soundWorking>Recipe_Cremate</soundWorking>
		<allowMixingIngredients>true</allowMixingIngredients>
		<targetCountAdjustment>100</targetCountAdjustment>
		<workSkill>Intellectual</workSkill>
		<ingredients>
			<li>
				<filter>
					<thingDefs>
						<li>WoodLog</li>
					</thingDefs>
				</filter>
				<count>100</count>
			</li>
				<li>
				<filter>
					<thingDefs>
						<li>Synthbase</li>
					</thingDefs>
				</filter>
				<count>25</count>
			</li>
		</ingredients>
		<products>
			<CarboPitch>100</CarboPitch>
		</products>
		<fixedIngredientFilter>
			<thingDefs>
				<li>WoodLog</li>
				<li>Synthbase</li>
			</thingDefs>
		</fixedIngredientFilter>
	    <recipeUsers>
			<li>BiofuelRefinery</li>
		</recipeUsers>
		<researchPrerequisite>RimPlas_CarboSynth</researchPrerequisite>
		<skillRequirements>
			<Crafting>4</Crafting>
			<Intellectual>5</Intellectual>
      	</skillRequirements>
	</RecipeDef>
	
	<!-- CarboFibre -->
	
		<RecipeDef>
		<defName>RCP_CarboFibre</defName>
		<label>Mould Carbon Fibre</label>
		<description>Mould 100 Carbon Fibre</description>
		<workAmount>1000</workAmount>
		<allowMixingIngredients>true</allowMixingIngredients>
		<jobString>Moulding carbon fibre.</jobString>
		<workSpeedStat>DrugSynthesisSpeed</workSpeedStat>
		<effectWorking>Cremate</effectWorking>
		<soundWorking>Recipe_Cremate</soundWorking>
		<targetCountAdjustment>50</targetCountAdjustment>
		<workSkill>Intellectual</workSkill>
		<fixedIngredientFilter>
			<thingDefs>
				<li>CarboPitch</li>
				<li>RimPlas</li>
				<li>RimRayon</li>
				<li>Synthread</li>
				<li>CarboSynth</li>
			</thingDefs>
		</fixedIngredientFilter>
	    <recipeUsers>
			<li>RimPlas_InjMldMachine</li>
		</recipeUsers>
		<researchPrerequisite>RimPlas_CarboSynth</researchPrerequisite>
		<ingredients>
			<li>
				<filter>
					<thingDefs>
						<li>CarboPitch</li>
					</thingDefs>
				</filter>
				<count>100</count>
			</li>
			<li>
				<filter>
					<thingDefs>
						<li>RimPlas</li>
					</thingDefs>
				</filter>
				<count>25</count>
			</li>
			<li>
				<filter>
					<thingDefs>
						<li>RimRayon</li>
						<li>Synthread</li>
						<li>CarboSynth</li>
					</thingDefs>
				</filter>
				<count>25</count>
			</li>
		</ingredients>
		<products>
			<CarboFibre>100</CarboFibre>
		</products>
      	<skillRequirements>
			<Crafting>5</Crafting>
			<Intellectual>7</Intellectual>
      	</skillRequirements>
	</RecipeDef>
	
	<!-- =============== CarboSynth ================= -->
	
	<RecipeDef>
		<defName>RimPlasMakeCarboSynth</defName>
	    <jobString>Moulding CarboSynth</jobString>
		<label>Mould CarboSynth</label>
		<description>Mould 25 CarboSynth</description>
		<workAmount>300</workAmount>
		<workSpeedStat>DrugSynthesisSpeed</workSpeedStat>
		<effectWorking>Cremate</effectWorking>
		<soundWorking>Recipe_Cremate</soundWorking>
		<targetCountAdjustment>25</targetCountAdjustment>
		<workSkill>Intellectual</workSkill>
		<ingredients>
			<li>
				<filter>
					<thingDefs>
						<li>CarboPitch</li>
					</thingDefs>
				</filter>
				<count>25</count>
			</li>
			<li>
				<filter>
					<thingDefs>
						<li>Synthread</li>
					</thingDefs>
				</filter>
				<count>25</count>
			</li>
		</ingredients>
		<products>
			<CarboSynth>25</CarboSynth>
		</products>
      	<skillRequirements>
			<Crafting>5</Crafting>
			<Intellectual>8</Intellectual>
      	</skillRequirements>
		<fixedIngredientFilter>
			<thingDefs>
				<li>CarboPitch</li>
				<li>Synthread</li>
			</thingDefs>
		</fixedIngredientFilter>
	    <recipeUsers>
			<li>RimPlas_InjMldMachine</li>
		</recipeUsers>
		<researchPrerequisite>RimPlas_CarboSynth</researchPrerequisite>
	</RecipeDef>
	
	<!-- Graphene -->
	
	<RecipeDef>
		<defName>RCP_Graphene</defName>
		<label>Mould Graphene</label>
		<description>Mould 25 Graphene</description>
		<workAmount>750</workAmount>
		<allowMixingIngredients>true</allowMixingIngredients>
		<jobString>Moulding Graphene</jobString>
		<workSpeedStat>DrugSynthesisSpeed</workSpeedStat>
		<effectWorking>Cremate</effectWorking>
		<soundWorking>Recipe_Cremate</soundWorking>
		<targetCountAdjustment>25</targetCountAdjustment>
		<workSkill>Intellectual</workSkill>
		<fixedIngredientFilter>
			<thingDefs>
				<li>CarboPitch</li>
				<li>Hyperweave</li>
			</thingDefs>
		</fixedIngredientFilter>
	    <recipeUsers>
			<li>RimPlas_InjMldMachine</li>
			<li>RimPlas_AdvInjMld</li>
		</recipeUsers>
		<researchPrerequisite>RimPlas_Graphene</researchPrerequisite>
		<ingredients>
			<li>
				<filter>
					<thingDefs>
						<li>CarboPitch</li>
					</thingDefs>
				</filter>
				<count>50</count>
			</li>
			<li>
				<filter>
					<thingDefs>
						<li>Hyperweave</li>
					</thingDefs>
				</filter>
				<count>25</count>
			</li>
		</ingredients>
		<products>
			<RimPlasGraphene>25</RimPlasGraphene>
		</products>
      	<skillRequirements>
			<Crafting>10</Crafting>
			<Intellectual>12</Intellectual>
      	</skillRequirements>
	</RecipeDef>
	
	<RecipeDef>
		<defName>RCP_BulkGraphene</defName>
		<label>Mould Graphene in bulk</label>
		<description>Mould 100 Graphene</description>
		<workAmount>2950</workAmount>
		<allowMixingIngredients>true</allowMixingIngredients>
		<jobString>Moulding Graphene</jobString>
		<workSpeedStat>DrugSynthesisSpeed</workSpeedStat>
		<effectWorking>Cremate</effectWorking>
		<soundWorking>Recipe_Cremate</soundWorking>
		<targetCountAdjustment>100</targetCountAdjustment>
		<workSkill>Intellectual</workSkill>
		<fixedIngredientFilter>
			<thingDefs>
				<li>CarboPitch</li>
				<li>Hyperweave</li>
			</thingDefs>
		</fixedIngredientFilter>
	    <recipeUsers>
			<li>RimPlas_InjMldMachine</li>
			<li>RimPlas_AdvInjMld</li>
		</recipeUsers>
		<researchPrerequisite>RimPlas_Graphene</researchPrerequisite>
		<ingredients>
			<li>
				<filter>
					<thingDefs>
						<li>CarboPitch</li>
					</thingDefs>
				</filter>
				<count>200</count>
			</li>
			<li>
				<filter>
					<thingDefs>
						<li>Hyperweave</li>
					</thingDefs>
				</filter>
				<count>100</count>
			</li>
		</ingredients>
		<products>
			<RimPlasGraphene>100</RimPlasGraphene>
		</products>
      	<skillRequirements>
			<Crafting>10</Crafting>
			<Intellectual>13</Intellectual>
      	</skillRequirements>
	</RecipeDef>
	
	<!-- CarboPlasteel -->
	
	<RecipeDef>
		<defName>RCP_CarboPlasteel</defName>
		<label>Make CarboPlasteel</label>
		<description>Make 25 CarboPlasteel</description>
		<workAmount>1000</workAmount>
		<allowMixingIngredients>true</allowMixingIngredients>
		<jobString>Making CarboPlasteel</jobString>
		<workSpeedStat>SmeltingSpeed</workSpeedStat>
		<effectWorking>Smelt</effectWorking>
		<soundWorking>Recipe_Smelt</soundWorking>
		<targetCountAdjustment>25</targetCountAdjustment>
		<workSkill>Crafting</workSkill>
		<fixedIngredientFilter>
			<thingDefs>
				<li>CarboFibre</li>
				<li>Plasteel</li>
				<li>Synthbase</li>
			</thingDefs>
		</fixedIngredientFilter>
	    <recipeUsers>
			<li>ElectricSmelter</li>
		</recipeUsers>
		<researchPrerequisite>RimPlas_CarbonComposites</researchPrerequisite>
		<ingredients>
			<li>
				<filter>
					<thingDefs>
						<li>CarboFibre</li>
					</thingDefs>
				</filter>
				<count>13</count>
			</li>
			<li>
				<filter>
					<thingDefs>
						<li>Plasteel</li>
					</thingDefs>
				</filter>
				<count>12</count>
			</li>
			<li>
				<filter>
					<thingDefs>
						<li>Synthbase</li>
					</thingDefs>
				</filter>
				<count>1</count>
			</li>
		</ingredients>
		<products>
			<CarboPlasteel>25</CarboPlasteel>
		</products>
      	<skillRequirements>
			<Crafting>10</Crafting>
			<Intellectual>5</Intellectual>
      	</skillRequirements>
	</RecipeDef>
	
		<RecipeDef>
		<defName>RCP_BulkCarboPlasteel</defName>
		<label>Make CarboPlasteel in bulk</label>
		<description>Make 50 CarboPlasteel</description>
		<workAmount>2000</workAmount>
		<allowMixingIngredients>true</allowMixingIngredients>
		<jobString>Making CarboPlasteel</jobString>
		<workSpeedStat>SmeltingSpeed</workSpeedStat>
		<effectWorking>Smelt</effectWorking>
		<soundWorking>Recipe_Smelt</soundWorking>
		<targetCountAdjustment>50</targetCountAdjustment>
		<workSkill>Crafting</workSkill>
		<fixedIngredientFilter>
			<thingDefs>
				<li>CarboFibre</li>
				<li>Plasteel</li>
				<li>Synthbase</li>
			</thingDefs>
		</fixedIngredientFilter>
	    <recipeUsers>
			<li>ElectricSmelter</li>
		</recipeUsers>
		<researchPrerequisite>RimPlas_CarbonComposites</researchPrerequisite>
		<ingredients>
			<li>
				<filter>
					<thingDefs>
						<li>CarboFibre</li>
					</thingDefs>
				</filter>
				<count>26</count>
			</li>
			<li>
				<filter>
					<thingDefs>
						<li>Plasteel</li>
					</thingDefs>
				</filter>
				<count>24</count>
			</li>
			<li>
				<filter>
					<thingDefs>
						<li>Synthbase</li>
					</thingDefs>
				</filter>
				<count>2</count>
			</li>
		</ingredients>
		<products>
			<CarboPlasteel>50</CarboPlasteel>
		</products>
      	<skillRequirements>
			<Crafting>11</Crafting>
			<Intellectual>5</Intellectual>
      	</skillRequirements>
	</RecipeDef>
	
</Defs>