<?xml version="1.0" encoding="utf-8" ?>
<Defs>

	<!-- ============ Moulding Recipes  ============================ -->
	
	<!-- ==================== Barrier ===================== -->
	
	<RecipeDef>
		<defName>RCP_Barrier</defName>
		<label>Mould Barrier</label>
		<description>Mould a RimPlas Barrier.</description>
		<workAmount>45</workAmount>
			    <jobString>Moulding a RimPlas Item.</jobString>
		<workSpeedStat>GeneralLaborSpeed</workSpeedStat>
		<effectWorking>Cremate</effectWorking>
		<soundWorking>Recipe_Cremate</soundWorking>
		<targetCountAdjustment>1</targetCountAdjustment>
		<workSkill>Crafting</workSkill>
		<fixedIngredientFilter>
			<thingDefs>
				<li>Chemfuel</li>
				<li>Cloth</li>
			</thingDefs>
		</fixedIngredientFilter>
	    <recipeUsers>
			<li>RimPlas_InjMldMachine</li>
		</recipeUsers>
		<researchPrerequisite>RimPlas_InjMld</researchPrerequisite>
		<ingredients>
			<li>
				<filter>
					<thingDefs>
						<li>Chemfuel</li>
					</thingDefs>
				</filter>
				<count>5</count>
			</li>
			<li>
				<filter>
					<thingDefs>
						<li>Cloth</li>
					</thingDefs>
				</filter>
				<count>5</count>
			</li>
		</ingredients>
		<products>
			<RimPlas_Barrier>1</RimPlas_Barrier>
			<RimPoly>1</RimPoly>
		</products>
      	<skillRequirements>
			<Crafting>4</Crafting>
      	</skillRequirements>
	</RecipeDef>
	
	<!-- ============ Furniture ================================== -->
	
	<RecipeDef>
		<defName>RCP_AnimalSleepingBox</defName>
		<label>Mould Animal Box</label>
		<description>Mould a RimPlas Animal Box.</description>
		<workAmount>90</workAmount>
			    <jobString>Moulding a RimPlas Item.</jobString>
		<workSpeedStat>GeneralLaborSpeed</workSpeedStat>
		<effectWorking>Cremate</effectWorking>
		<soundWorking>Recipe_Cremate</soundWorking>
		<targetCountAdjustment>1</targetCountAdjustment>
		<workSkill>Crafting</workSkill>
		<fixedIngredientFilter>
			<thingDefs>
				<li>Chemfuel</li>
				<li>Cloth</li>
			</thingDefs>
		</fixedIngredientFilter>
	    <recipeUsers>
			<li>RimPlas_InjMldMachine</li>
		</recipeUsers>
		<researchPrerequisite>RimPlas_InjMld</researchPrerequisite>
		<ingredients>
			<li>
				<filter>
					<thingDefs>
						<li>Chemfuel</li>
					</thingDefs>
				</filter>
				<count>25</count>
			</li>
			<li>
				<filter>
					<thingDefs>
						<li>Cloth</li>
					</thingDefs>
				</filter>
				<count>25</count>
			</li>
		</ingredients>
		<products>
			<RimPlas_AnimalSleepingBox>1</RimPlas_AnimalSleepingBox>
			<RimPoly>2</RimPoly>
		</products>
      	<skillRequirements>
			<Crafting>4</Crafting>
      	</skillRequirements>
	</RecipeDef>
	
	<RecipeDef>
		<defName>RCP_Stool</defName>
		<label>Mould Stool</label>
		<description>Mould a RimPlas Stool.</description>
		<workAmount>12</workAmount>
			    <jobString>Moulding a RimPlas Item.</jobString>
		<workSpeedStat>GeneralLaborSpeed</workSpeedStat>
		<effectWorking>Cremate</effectWorking>
		<soundWorking>Recipe_Cremate</soundWorking>
		<targetCountAdjustment>1</targetCountAdjustment>
		<workSkill>Crafting</workSkill>
		<fixedIngredientFilter>
			<thingDefs>
				<li>Chemfuel</li>
				<li>Cloth</li>
			</thingDefs>
		</fixedIngredientFilter>
	    <recipeUsers>
			<li>RimPlas_InjMldMachine</li>
		</recipeUsers>
		<researchPrerequisite>RimPlas_InjMld</researchPrerequisite>
		<ingredients>
			<li>
				<filter>
					<thingDefs>
						<li>Chemfuel</li>
					</thingDefs>
				</filter>
				<count>25</count>
			</li>
			<li>
				<filter>
					<thingDefs>
						<li>Cloth</li>
					</thingDefs>
				</filter>
				<count>25</count>
			</li>
		</ingredients>
		<products>
			<RimPlas_Stool>1</RimPlas_Stool>
			<RimPoly>2</RimPoly>
		</products>
      	<skillRequirements>
			<Crafting>4</Crafting>
      	</skillRequirements>
	</RecipeDef>
	
	<RecipeDef>
		<defName>RCP_DiningChair</defName>
		<label>Mould Dining Chair</label>
		<description>Mould a RimPlas Dining Chair.</description>
		<workAmount>350</workAmount>
			    <jobString>Moulding a RimPlas Item.</jobString>
		<workSpeedStat>GeneralLaborSpeed</workSpeedStat>
		<effectWorking>Cremate</effectWorking>
		<soundWorking>Recipe_Cremate</soundWorking>
		<targetCountAdjustment>1</targetCountAdjustment>
		<workSkill>Crafting</workSkill>
		<fixedIngredientFilter>
			<thingDefs>
				<li>Chemfuel</li>
				<li>Cloth</li>
			</thingDefs>
		</fixedIngredientFilter>
	    <recipeUsers>
			<li>RimPlas_InjMldMachine</li>
		</recipeUsers>
		<researchPrerequisite>RimPlas_InjMld</researchPrerequisite>
		<ingredients>
			<li>
				<filter>
					<thingDefs>
						<li>Chemfuel</li>
					</thingDefs>
				</filter>
				<count>45</count>
			</li>
			<li>
				<filter>
					<thingDefs>
						<li>Cloth</li>
					</thingDefs>
				</filter>
				<count>45</count>
			</li>
		</ingredients>
		<products>
			<RimPlas_DiningChair>1</RimPlas_DiningChair>
			<RimPoly>4</RimPoly>
		</products>
      	<skillRequirements>
			<Crafting>4</Crafting>
      	</skillRequirements>
	</RecipeDef>
	
	<RecipeDef>
		<defName>RCP_DrugCabinet</defName>
		<label>Mould Drug Cabinet</label>
		<description>Mould a RimPlas Drug Cabinet.</description>
		<workAmount>42</workAmount>
		<jobString>Moulding a RimPlas Item.</jobString>
		<workSpeedStat>GeneralLaborSpeed</workSpeedStat>
		<effectWorking>Cremate</effectWorking>
		<soundWorking>Recipe_Cremate</soundWorking>
		<targetCountAdjustment>1</targetCountAdjustment>
		<workSkill>Crafting</workSkill>
		<fixedIngredientFilter>
			<thingDefs>
				<li>Chemfuel</li>
				<li>Cloth</li>
			</thingDefs>
		</fixedIngredientFilter>
	    <recipeUsers>
			<li>RimPlas_InjMldMachine</li>
		</recipeUsers>
		<researchPrerequisite>RimPlas_InjMld</researchPrerequisite>
		<ingredients>
			<li>
				<filter>
					<thingDefs>
						<li>Chemfuel</li>
					</thingDefs>
				</filter>
				<count>35</count>
			</li>
			<li>
				<filter>
					<thingDefs>
						<li>Cloth</li>
					</thingDefs>
				</filter>
				<count>35</count>
			</li>
		</ingredients>
		<products>
			<RimPlas_DrugCabinet>1</RimPlas_DrugCabinet>
			<RimPoly>4</RimPoly>
		</products>
      	<skillRequirements>
			<Crafting>5</Crafting>
      	</skillRequirements>
	</RecipeDef>
	
	<RecipeDef>
		<defName>RCP_EndTable</defName>
		<label>Mould End Table</label>
		<description>Mould a RimPlas End Table.</description>
		<workAmount>42</workAmount>
			    <jobString>Moulding a RimPlas Item.</jobString>
		<workSpeedStat>GeneralLaborSpeed</workSpeedStat>
		<effectWorking>Cremate</effectWorking>
		<soundWorking>Recipe_Cremate</soundWorking>
		<targetCountAdjustment>1</targetCountAdjustment>
		<workSkill>Crafting</workSkill>
		<fixedIngredientFilter>
			<thingDefs>
				<li>Chemfuel</li>
				<li>Cloth</li>
			</thingDefs>
		</fixedIngredientFilter>
	    <recipeUsers>
			<li>RimPlas_InjMldMachine</li>
		</recipeUsers>
		<researchPrerequisite>RimPlas_InjMld</researchPrerequisite>
		<ingredients>
			<li>
				<filter>
					<thingDefs>
						<li>Chemfuel</li>
					</thingDefs>
				</filter>
				<count>85</count>
			</li>
			<li>
				<filter>
					<thingDefs>
						<li>Cloth</li>
					</thingDefs>
				</filter>
				<count>85</count>
			</li>
		</ingredients>
		<products>
			<RimPlas_EndTable>1</RimPlas_EndTable>
			<RimPoly>8</RimPoly>
		</products>
      	<skillRequirements>
			<Crafting>5</Crafting>
      	</skillRequirements>
	</RecipeDef>
	
 <RecipeDef>
		<defName>RCP_Table_Tiny</defName>
		<label>Mould Table (1x1)</label>
		<description>Mould a RimPlas Table (1x1).</description>
		<workAmount>250</workAmount>
		<jobString>Moulding a RimPlas Item.</jobString>
		<workSpeedStat>GeneralLaborSpeed</workSpeedStat>
		<effectWorking>Cremate</effectWorking>
		<soundWorking>Recipe_Cremate</soundWorking>
		<targetCountAdjustment>1</targetCountAdjustment>
		<workSkill>Crafting</workSkill>
		<fixedIngredientFilter>
			<thingDefs>
				<li>Chemfuel</li>
				<li>Cloth</li>
			</thingDefs>
		</fixedIngredientFilter>
	    <recipeUsers>
			<li>RimPlas_InjMldMachine</li>
		</recipeUsers>
		<researchPrerequisite>RimPlas_InjMld</researchPrerequisite>
		<ingredients>
			<li>
				<filter>
					<thingDefs>
						<li>Chemfuel</li>
					</thingDefs>
				</filter>
				<count>15</count>
			</li>
			<li>
				<filter>
					<thingDefs>
						<li>Cloth</li>
					</thingDefs>
				</filter>
				<count>15</count>
			</li>
		</ingredients>
		<products>
			<RimPlas_Table_Tiny>1</RimPlas_Table_Tiny>
			<RimPoly>2</RimPoly>
		</products>
      	<skillRequirements>
			<Crafting>4</Crafting>
      	</skillRequirements>
	</RecipeDef>
	
	<RecipeDef>
		<defName>RCP_Table_Small</defName>
		<label>Mould Table (1x2)</label>
		<description>Mould a RimPlas Table (1x2).</description>
		<workAmount>365</workAmount>
		<jobString>Moulding a RimPlas Item.</jobString>
		<workSpeedStat>GeneralLaborSpeed</workSpeedStat>
		<effectWorking>Cremate</effectWorking>
		<soundWorking>Recipe_Cremate</soundWorking>
		<targetCountAdjustment>1</targetCountAdjustment>
		<workSkill>Crafting</workSkill>
		<fixedIngredientFilter>
			<thingDefs>
				<li>Chemfuel</li>
				<li>Cloth</li>
			</thingDefs>
		</fixedIngredientFilter>
	    <recipeUsers>
			<li>RimPlas_InjMldMachine</li>
		</recipeUsers>
		<researchPrerequisite>RimPlas_InjMld</researchPrerequisite>
		<ingredients>
			<li>
				<filter>
					<thingDefs>
						<li>Chemfuel</li>
					</thingDefs>
				</filter>
				<count>28</count>
			</li>
			<li>
				<filter>
					<thingDefs>
						<li>Cloth</li>
					</thingDefs>
				</filter>
				<count>28</count>
			</li>
		</ingredients>
		<products>
			<RimPlas_Table_Small>1</RimPlas_Table_Small>
			<RimPoly>3</RimPoly>
		</products>
      	<skillRequirements>
			<Crafting>5</Crafting>
      	</skillRequirements>
	</RecipeDef>
	
	<RecipeDef>
		<defName>RCP_PlantPot</defName>
		<label>Mould Plant Pot</label>
		<description>Mould a RimPlas Plant Pot.</description>
		<workAmount>110</workAmount>
		<jobString>Moulding a RimPlas Item.</jobString>
		<workSpeedStat>GeneralLaborSpeed</workSpeedStat>
		<effectWorking>Cremate</effectWorking>
		<soundWorking>Recipe_Cremate</soundWorking>
		<targetCountAdjustment>1</targetCountAdjustment>
		<workSkill>Crafting</workSkill>
		<fixedIngredientFilter>
			<thingDefs>
				<li>Chemfuel</li>
				<li>Cloth</li>
			</thingDefs>
		</fixedIngredientFilter>
	    <recipeUsers>
			<li>RimPlas_InjMldMachine</li>
		</recipeUsers>
		<researchPrerequisite>RimPlas_InjMld</researchPrerequisite>
		<ingredients>
			<li>
				<filter>
					<thingDefs>
						<li>Chemfuel</li>
					</thingDefs>
				</filter>
				<count>20</count>
			</li>
			<li>
				<filter>
					<thingDefs>
						<li>Cloth</li>
					</thingDefs>
				</filter>
				<count>20</count>
			</li>
		</ingredients>
		<products>
			<RimPlas_PlantPot>1</RimPlas_PlantPot>
			<RimPoly>2</RimPoly>
		</products>
      	<skillRequirements>
			<Crafting>3</Crafting>
      	</skillRequirements>
	</RecipeDef>
	
	<RecipeDef>
		<defName>RCP_Shelf</defName>
		<label>Mould Shelf (1x2)</label>
		<description>Mould a RimPlas Shelf (1x2).</description>
		<workAmount>250</workAmount>
		<jobString>Moulding a RimPlas Item.</jobString>
		<workSpeedStat>GeneralLaborSpeed</workSpeedStat>
		<effectWorking>Cremate</effectWorking>
		<soundWorking>Recipe_Cremate</soundWorking>
		<targetCountAdjustment>1</targetCountAdjustment>
		<workSkill>Crafting</workSkill>
		<fixedIngredientFilter>
			<thingDefs>
				<li>Chemfuel</li>
				<li>Cloth</li>
			</thingDefs>
		</fixedIngredientFilter>
	    <recipeUsers>
			<li>RimPlas_InjMldMachine</li>
		</recipeUsers>
		<researchPrerequisite>RimPlas_InjMld</researchPrerequisite>
		<ingredients>
			<li>
				<filter>
					<thingDefs>
						<li>Chemfuel</li>
					</thingDefs>
				</filter>
				<count>30</count>
			</li>
			<li>
				<filter>
					<thingDefs>
						<li>Cloth</li>
					</thingDefs>
				</filter>
				<count>30</count>
			</li>
		</ingredients>
		<products>
			<RimPlas_Shelf>1</RimPlas_Shelf>
			<RimPoly>3</RimPoly>
		</products>
      	<skillRequirements>
			<Crafting>4</Crafting>
      	</skillRequirements>
	</RecipeDef>
	
	<RecipeDef>
		<defName>RCP_Rack</defName>
		<label>Mould Shelf (1x1)</label>
		<description>Mould a RimPlas Shelf (1x1).</description>
		<workAmount>200</workAmount>
		<jobString>Moulding a RimPlas Item.</jobString>
		<workSpeedStat>GeneralLaborSpeed</workSpeedStat>
		<effectWorking>Cremate</effectWorking>
		<soundWorking>Recipe_Cremate</soundWorking>
		<targetCountAdjustment>1</targetCountAdjustment>
		<workSkill>Crafting</workSkill>
		<fixedIngredientFilter>
			<thingDefs>
				<li>Chemfuel</li>
				<li>Cloth</li>
			</thingDefs>
		</fixedIngredientFilter>
	    <recipeUsers>
			<li>RimPlas_InjMldMachine</li>
		</recipeUsers>
		<researchPrerequisite>RimPlas_InjMld</researchPrerequisite>
		<ingredients>
			<li>
				<filter>
					<thingDefs>
						<li>Chemfuel</li>
					</thingDefs>
				</filter>
				<count>10</count>
			</li>
			<li>
				<filter>
					<thingDefs>
						<li>Cloth</li>
					</thingDefs>
				</filter>
				<count>10</count>
			</li>
		</ingredients>
		<products>
			<RimPlas_Rack>1</RimPlas_Rack>
			<RimPoly>1</RimPoly>
		</products>
      	<skillRequirements>
			<Crafting>4</Crafting>
      	</skillRequirements>
	</RecipeDef>
	
	<RecipeDef>
		<defName>RCP_Dresser</defName>
		<label>Mould Dresser</label>
		<description>Mould a RimPlas Dresser.</description>
		<workAmount>900</workAmount>
		<jobString>Moulding a RimPlas Item.</jobString>
		<workSpeedStat>GeneralLaborSpeed</workSpeedStat>
		<effectWorking>Cremate</effectWorking>
		<soundWorking>Recipe_Cremate</soundWorking>
		<targetCountAdjustment>1</targetCountAdjustment>
		<workSkill>Crafting</workSkill>
		<fixedIngredientFilter>
			<thingDefs>
				<li>Chemfuel</li>
				<li>Cloth</li>
			</thingDefs>
		</fixedIngredientFilter>
	    <recipeUsers>
			<li>RimPlas_InjMldMachine</li>
		</recipeUsers>
		<researchPrerequisite>RimPlas_InjMld</researchPrerequisite>
		<ingredients>
			<li>
				<filter>
					<thingDefs>
						<li>Chemfuel</li>
					</thingDefs>
				</filter>
				<count>50</count>
			</li>
			<li>
				<filter>
					<thingDefs>
						<li>Cloth</li>
					</thingDefs>
				</filter>
				<count>50</count>
			</li>
		</ingredients>
		<products>
			<RimPlas_Dresser>1</RimPlas_Dresser>
			<RimPoly>5</RimPoly>
		</products>
      	<skillRequirements>
			<Crafting>5</Crafting>
      	</skillRequirements>
	</RecipeDef>
	
	<RecipeDef>
		<defName>RCP_GameOfUr</defName>
		<label>Mould Game of Ur</label>
		<description>Mould a RimPlas Game of Ur.</description>
		<workAmount>1250</workAmount>
		<jobString>Moulding a RimPlas Item.</jobString>
		<workSpeedStat>GeneralLaborSpeed</workSpeedStat>
		<effectWorking>Cremate</effectWorking>
		<soundWorking>Recipe_Cremate</soundWorking>
		<targetCountAdjustment>1</targetCountAdjustment>
		<workSkill>Crafting</workSkill>
		<fixedIngredientFilter>
			<thingDefs>
				<li>Chemfuel</li>
				<li>Cloth</li>
			</thingDefs>
		</fixedIngredientFilter>
	    <recipeUsers>
			<li>RimPlas_InjMldMachine</li>
		</recipeUsers>
		<researchPrerequisite>RimPlas_InjMld</researchPrerequisite>
		<ingredients>
			<li>
				<filter>
					<thingDefs>
						<li>Chemfuel</li>
					</thingDefs>
				</filter>
				<count>35</count>
			</li>
			<li>
				<filter>
					<thingDefs>
						<li>Cloth</li>
					</thingDefs>
				</filter>
				<count>35</count>
			</li>
		</ingredients>
		<products>
			<RimPlas_GameOfUr>1</RimPlas_GameOfUr>
			<RimPoly>3</RimPoly>
		</products>
      	<skillRequirements>
			<Crafting>6</Crafting>
      	</skillRequirements>
	</RecipeDef>
	
	<RecipeDef>
		<defName>RCP_ChessTable</defName>
		<label>Mould Chess Table</label>
		<description>Mould a RimPlas Chess Table.</description>
		<workAmount>1750</workAmount>
		<jobString>Moulding a RimPlas Item.</jobString>
		<workSpeedStat>GeneralLaborSpeed</workSpeedStat>
		<effectWorking>Cremate</effectWorking>
		<soundWorking>Recipe_Cremate</soundWorking>
		<targetCountAdjustment>1</targetCountAdjustment>
		<workSkill>Crafting</workSkill>
		<fixedIngredientFilter>
			<thingDefs>
				<li>Chemfuel</li>
				<li>Cloth</li>
			</thingDefs>
		</fixedIngredientFilter>
	    <recipeUsers>
			<li>RimPlas_InjMldMachine</li>
		</recipeUsers>
		<researchPrerequisite>RimPlas_InjMld</researchPrerequisite>
		<ingredients>
			<li>
				<filter>
					<thingDefs>
						<li>Chemfuel</li>
					</thingDefs>
				</filter>
				<count>70</count>
			</li>
			<li>
				<filter>
					<thingDefs>
						<li>Cloth</li>
					</thingDefs>
				</filter>
				<count>70</count>
			</li>
		</ingredients>
		<products>
			<RimPlas_ChessTable>1</RimPlas_ChessTable>
			<RimPoly>7</RimPoly>
		</products>
      	<skillRequirements>
			<Crafting>6</Crafting>
      	</skillRequirements>
	</RecipeDef>
	
	<!-- ========================== RimPlas ========================= -->
	
	<RecipeDef>
		<defName>RCP_RimPlas</defName>
		<label>Mould RimPlas</label>
		<description>Mould some RimPlas.</description>
		<workAmount>1000</workAmount>
		<jobString>Moulding a RimPlas Item.</jobString>
		<workSpeedStat>GeneralLaborSpeed</workSpeedStat>
		<effectWorking>Cremate</effectWorking>
		<soundWorking>Recipe_Cremate</soundWorking>
		<targetCountAdjustment>25</targetCountAdjustment>
		<workSkill>Crafting</workSkill>
		<fixedIngredientFilter>
			<thingDefs>
				<li>Chemfuel</li>
				<li>Cloth</li>
			</thingDefs>
		</fixedIngredientFilter>
	    <recipeUsers>
			<li>RimPlas_InjMldMachine</li>
		</recipeUsers>
		<researchPrerequisite>RimPlas_InjMld</researchPrerequisite>
		<ingredients>
			<li>
				<filter>
					<thingDefs>
						<li>Chemfuel</li>
					</thingDefs>
				</filter>
				<count>100</count>
			</li>
			<li>
				<filter>
					<thingDefs>
						<li>Cloth</li>
					</thingDefs>
				</filter>
				<count>100</count>
			</li>
		</ingredients>
		<products>
			<RimPlas>100</RimPlas>
		</products>
      	<skillRequirements>
			<Crafting>3</Crafting>
      	</skillRequirements>
	</RecipeDef>
	
	<!-- ========================== RimPoly =============================== -->
	
	<RecipeDef>
		<defName>RCP_RimPoly</defName>
		<label>Mould RimPoly</label>
		<description>Mould some RimPoly.</description>
		<workAmount>700</workAmount>
		<jobString>Moulding a RimPlas Item.</jobString>
		<workSpeedStat>GeneralLaborSpeed</workSpeedStat>
		<effectWorking>Cremate</effectWorking>
		<soundWorking>Recipe_Cremate</soundWorking>
		<targetCountAdjustment>25</targetCountAdjustment>
		<workSkill>Crafting</workSkill>
		<fixedIngredientFilter>
			<thingDefs>
				<li>Chemfuel</li>
				<li>Cloth</li>
			</thingDefs>
		</fixedIngredientFilter>
	    <recipeUsers>
			<li>RimPlas_InjMldMachine</li>
		</recipeUsers>
		<researchPrerequisite>RimPlas_InjMld</researchPrerequisite>
		<ingredients>
			<li>
				<filter>
					<thingDefs>
						<li>Chemfuel</li>
					</thingDefs>
				</filter>
				<count>100</count>
			</li>
			<li>
				<filter>
					<thingDefs>
						<li>Cloth</li>
					</thingDefs>
				</filter>
				<count>100</count>
			</li>
		</ingredients>
		<products>
			<RimPoly>100</RimPoly>
		</products>
      	<skillRequirements>
			<Crafting>3</Crafting>
      	</skillRequirements>
	</RecipeDef>
	
</Defs>