<?xml version="1.0" encoding="utf-8"?>
<Patch>
	
	<Operation Class="PatchOperationFindMod">
    <mods>
    	<li>Proximity</li>
    </mods>
    <match Class="PatchOperationSequence">
	<operations>
		<li Class="PatchOperationAdd">
		<xpath>/Defs/TerrainDef[defName="RimicaTile"]</xpath>
		<value>
			<modExtensions>
			<li Class="Proximity.ProximityDefs">
				<ProxToxicSensitivityOffSet>-0.10</ProxToxicSensitivityOffSet>
				<ProxImmunityGainSpeedOffSet>+0.02</ProxImmunityGainSpeedOffSet>
				<ProxMedicalOperationSpeedOffSet>+0.02</ProxMedicalOperationSpeedOffSet>
				<ProxMedicalSurgerySuccessChanceOffSet>+0.05</ProxMedicalSurgerySuccessChanceOffSet>
				<ProxMedicalTendQualityOffSet>+0.05</ProxMedicalTendQualityOffSet>
				<ProxMedicalTendSpeedOffSet>+0.02</ProxMedicalTendSpeedOffSet>
				<ProxResearchSpeedOffSet>+0.05</ProxResearchSpeedOffSet>
				<ProxDrugCookingSpeedOffSet>+0.05</ProxDrugCookingSpeedOffSet>
				<ProxDrugSynthesisSpeedOffSet>+0.05</ProxDrugSynthesisSpeedOffSet>
				<ProxRoomOnly>true</ProxRoomOnly>
        		<ProxRange>0</ProxRange>
        		<ProxColonist>true</ProxColonist>
				<ProxDrafted>true</ProxDrafted>
				<ProxAlly>true</ProxAlly>
				<ProxNeutral>true</ProxNeutral>
			</li>
			</modExtensions>
		</value>
		</li>
	</operations>
	</match>
	</Operation>

</Patch>