<?xml version="1.0" encoding="utf-8" ?>
<Patch>
	
	<Operation Class="PatchOperationFindMod">
		<mods><li>Medical Supplements</li></mods>
		<match Class="PatchOperationSequence">
			<success>Always</success>
			<operations>
				<li Class="PatchOperationAdd">
					<xpath>/Defs</xpath>
					<value>
					    <ThingDef ParentName="ResourceBase">
    						<defName>RPKevlar</defName>
    						<label>Kevlar</label>
    						<description>Kevlar is a heat-resistant and strong synthetic fiber. Typically it is spun into ropes or fabric sheets that can be used as such or as an ingredient in composite material components.</description>
    						<graphicData>
      							<texPath>Things/Item/RPKevlar</texPath>
      							<graphicClass>Graphic_StackCount</graphicClass>
    						</graphicData>
    						<statBases>
      							<MaxHitPoints>200</MaxHitPoints>
      							<MarketValue>6.32</MarketValue>
      							<Mass>0.041</Mass>
      							<Flammability>0.25</Flammability>
      							<DeteriorationRate>2</DeteriorationRate>
      							<StuffPower_Armor_Sharp>1.5</StuffPower_Armor_Sharp>
      							<StuffPower_Armor_Blunt>0.40</StuffPower_Armor_Blunt>
      							<StuffPower_Armor_Heat>2.90</StuffPower_Armor_Heat>
      							<StuffPower_Insulation_Cold>12</StuffPower_Insulation_Cold>
      							<StuffPower_Insulation_Heat>21</StuffPower_Insulation_Heat>
    						</statBases>
    						<stuffProps>
      							<categories>
        							<li>Fabric</li>
      							</categories>
      							<color>(180,190,65)</color>
      							<statFactors>
        							<Flammability>0.25</Flammability>
        							<MaxHitPoints>1.35</MaxHitPoints>
      							</statFactors>
	  							<commonality>0.03</commonality>
    						</stuffProps>
    						<thingCategories>
      							<li>Textiles</li>
    						</thingCategories>
    						<comps>
      						<li>
        						<compClass>CompColorable</compClass>
      						</li>
    						</comps>
							<techLevel>Industrial</techLevel>
							<tradeTags>
								<li>Exotic</li>
							</tradeTags>
							<burnableByRecipe>true</burnableByRecipe>
							<terrainAffordanceNeeded>Light</terrainAffordanceNeeded>
  						</ThingDef>
  					</value>
				</li>
				<li Class="PatchOperationAdd">
					<xpath>/Defs</xpath>
					<value>
						<RecipeDef>
							<defName>RimPlasMakeRPKevlar</defName>
	    					<jobString>Making Kevlar</jobString>
							<label>Make Kevlar</label>
							<description>Make 25 Kevlar</description>
							<workAmount>250</workAmount>
							<workSpeedStat>DrugSynthesisSpeed</workSpeedStat>
							<effectWorking>Cremate</effectWorking>
							<soundWorking>Recipe_Cremate</soundWorking>
							<targetCountAdjustment>25</targetCountAdjustment>
							<workSkill>Intellectual</workSkill>
							<ingredients>
							<li>
								<filter>
									<thingDefs>
										<li>Synthbase</li>
									</thingDefs>
								</filter>
								<count>5</count>
							</li>
							<li>
								<filter>
									<thingDefs>
										<li>RimPoly</li>
									</thingDefs>
								</filter>
								<count>25</count>
							</li>
							<li>
								<filter>
									<thingDefs>
										<li>MSSulphuricAcid</li>
									</thingDefs>
								</filter>
								<count>5</count>
							</li>
							</ingredients>
							<products>
								<RPKevlar>25</RPKevlar>
							</products>
      						<skillRequirements>
								<Intellectual>8</Intellectual>
      						</skillRequirements>
							<fixedIngredientFilter>
								<thingDefs>
									<li>Synthbase</li>
									<li>RimPoly</li>
									<li>MSSulphuricAcid</li>
								</thingDefs>
							</fixedIngredientFilter>
	    					<recipeUsers>
								<li>BiofuelRefinery</li>
							</recipeUsers>
							<researchPrerequisite>RimPlas_Synth</researchPrerequisite>
						</RecipeDef>
					</value>
				</li>
				<li Class="PatchOperationAdd">
					<xpath>/Defs</xpath>
					<value>
						<RecipeDef>
							<defName>RimPlasMakeBulkRPKevlar</defName>
	    					<jobString>Making Kevlar</jobString>
							<label>Make Kevlar in bulk</label>
							<description>Make 100 Kevlar</description>
							<workAmount>1000</workAmount>
							<workSpeedStat>DrugSynthesisSpeed</workSpeedStat>
							<effectWorking>Cremate</effectWorking>
							<soundWorking>Recipe_Cremate</soundWorking>
							<targetCountAdjustment>100</targetCountAdjustment>
							<workSkill>Intellectual</workSkill>
							<ingredients>
							<li>
								<filter>
									<thingDefs>
										<li>Synthbase</li>
									</thingDefs>
								</filter>
								<count>20</count>
							</li>
							<li>
								<filter>
									<thingDefs>
										<li>RimPoly</li>
									</thingDefs>
								</filter>
								<count>100</count>
							</li>
							<li>
								<filter>
									<thingDefs>
										<li>MSSulphuricAcid</li>
									</thingDefs>
								</filter>
								<count>25</count>
							</li>
							</ingredients>
							<products>
								<RPKevlar>100</RPKevlar>
							</products>
      						<skillRequirements>
								<Intellectual>9</Intellectual>
      						</skillRequirements>
							<fixedIngredientFilter>
								<thingDefs>
									<li>Synthbase</li>
									<li>RimPoly</li>
									<li>MSSulphuricAcid</li>
								</thingDefs>
							</fixedIngredientFilter>
	    					<recipeUsers>
								<li>BiofuelRefinery</li>
							</recipeUsers>
							<researchPrerequisite>RimPlas_Synth</researchPrerequisite>
						</RecipeDef>
					</value>
				</li>
				<li Class="PatchOperationAdd">
					<xpath>/Defs</xpath>
					<value>
						<ThingDef ParentName="ResourceBase">
    						<defName>RPBallisticKevlar</defName>
    						<label>Ballistic Kevlar</label>
    						<description>Ballistic Kevlar takes a combination of Kevlar and Carbon fibre and combines them as a composite metallic like material. It has good protective properties whilst also being resiliant to heat.</description>
    						<graphicData>
      							<texPath>Things/Item/RPBallisticKevlar</texPath>
      							<graphicClass>Graphic_StackCount</graphicClass>
    						</graphicData>
    						<soundInteract>Metal_Drop</soundInteract>
    						<soundDrop>Metal_Drop</soundDrop>
    						<useHitPoints>false</useHitPoints>
    						<statBases>
      							<MarketValue>9.98</MarketValue>
      							<Mass>0.20</Mass>
      							<StuffPower_Armor_Sharp>1.22</StuffPower_Armor_Sharp>
      							<StuffPower_Armor_Blunt>0.63</StuffPower_Armor_Blunt>
      							<StuffPower_Armor_Heat>1.08</StuffPower_Armor_Heat>
      							<StuffPower_Insulation_Cold>3</StuffPower_Insulation_Cold>
      							<StuffPower_Insulation_Heat>4</StuffPower_Insulation_Heat>
      							<SharpDamageMultiplier>1.0</SharpDamageMultiplier>
      							<BluntDamageMultiplier>1.0</BluntDamageMultiplier>
    						</statBases>
    						<thingCategories>
      							<li>ResourcesRaw</li>
    						</thingCategories>
    						<deepCommonality>0</deepCommonality>
    						<deepCountPerPortion>0</deepCountPerPortion>
    						<deepLumpSizeRange>
      							<min>0</min>
      							<max>0</max>
    						</deepLumpSizeRange>
    						<stuffProps>
      							<categories>
        							<li>Metallic</li>
      							</categories>
      							<commonality>0.03</commonality>
      							<constructEffect>ConstructMetal</constructEffect>
      							<color>(70,50,15)</color>
      							<soundImpactStuff>BulletImpact_Metal</soundImpactStuff>
      							<soundMeleeHitSharp>MeleeHit_Metal_Sharp</soundMeleeHitSharp>
      							<soundMeleeHitBlunt>MeleeHit_Metal_Blunt</soundMeleeHitBlunt>
      							<statFactors>
        							<MaxHitPoints>2.5</MaxHitPoints>
        							<Beauty>1</Beauty>
        							<Flammability>0.1</Flammability>
        							<WorkToMake>2.1</WorkToMake>
									<WorkToBuild>2.3</WorkToBuild>
        							<MeleeWeapon_CooldownMultiplier>0.75</MeleeWeapon_CooldownMultiplier>
      							</statFactors>
    						</stuffProps>
							<techLevel>Spacer</techLevel>
							<burnableByRecipe>true</burnableByRecipe>
							<terrainAffordanceNeeded>Light</terrainAffordanceNeeded>
  						</ThingDef>
					</value>
				</li>
				<li Class="PatchOperationAdd">
					<xpath>/Defs</xpath>
					<value>
						<RecipeDef>
							<defName>RCP_RPBallisticKevlar</defName>
							<label>Mould Ballistic Kevlar</label>
							<description>Mould 100 Ballsitic Kevlar.</description>
							<workAmount>1000</workAmount>
			    			<jobString>Moulding Ballistic Kevlar.</jobString>
							<workSpeedStat>GeneralLaborSpeed</workSpeedStat>
							<effectWorking>Cremate</effectWorking>
							<soundWorking>Recipe_Cremate</soundWorking>
							<targetCountAdjustment>100</targetCountAdjustment>
							<workSkill>Crafting</workSkill>
							<fixedIngredientFilter>
								<thingDefs>
									<li>Synthbase</li>
									<li>CarboFibre</li>
									<li>RPKevlar</li>
								</thingDefs>
							</fixedIngredientFilter>
	    					<recipeUsers>
								<li>RimPlas_InjMldMachine</li>
							</recipeUsers>
							<researchPrerequisite>RimPlas_InjMld</researchPrerequisite>
							<ingredients>
							<li>
								<filter>
									<thingDefs>
										<li>Synthbase</li>
									</thingDefs>
								</filter>
								<count>5</count>
							</li>
							<li>
								<filter>
									<thingDefs>
										<li>CarboFibre</li>
									</thingDefs>
								</filter>
								<count>50</count>
							</li>
							<li>
								<filter>
									<thingDefs>
										<li>RPKevlar</li>
									</thingDefs>
								</filter>
								<count>50</count>
							</li>
							</ingredients>
							<products>
								<RPBallisticKevlar>100</RPBallisticKevlar>
							</products>
      						<skillRequirements>
								<Crafting>7</Crafting>
      						</skillRequirements>
						</RecipeDef>
					</value>
				</li>
				<li Class="PatchOperationAdd">
					<xpath>/Defs</xpath>
					<value>
						<ThingDef ParentName="ArmorMachineableBase">
    						<defName>Apparel_RPKevlarVest</defName>
    						<label>Kevlar Ballistic Vest</label>
    						<description>A vest made from ballistic kevlar. While quite effective at deflecting gunshots and stabbing attacks against the chest, it does nothing to protect the limbs.</description>
    						<techLevel>Spacer</techLevel>
    						<recipeMaker>
      							<researchPrerequisite>FlakArmor</researchPrerequisite>
      							<unfinishedThingDef>UnfinishedTechArmor</unfinishedThingDef>
      							<skillRequirements>
        							<Crafting>7</Crafting>
      							</skillRequirements>
    						</recipeMaker>
    						<graphicData>
      							<texPath>Things/Pawn/Humanlike/Apparel/FlakVest/FlakVest</texPath>
      							<graphicClass>Graphic_Single</graphicClass>
      							<drawSize>0.90</drawSize>
    						</graphicData>
    						<statBases>
      							<WorkToMake>9000</WorkToMake>
      							<MaxHitPoints>225</MaxHitPoints>
      							<Mass>2</Mass>
      							<Flammability>0.2</Flammability>
      							<ArmorRating_Sharp>1.22</ArmorRating_Sharp>
      							<ArmorRating_Blunt>0.63</ArmorRating_Blunt>
      							<ArmorRating_Heat>1.8</ArmorRating_Heat>
      							<Insulation_Cold>1</Insulation_Cold>
								<Insulation_Heat>2</Insulation_Heat>
      							<EquipDelay>3.5</EquipDelay>
    						</statBases>
    						<thingCategories Inherit="false">
      							<li>Apparel</li>
    						</thingCategories>
    						<costList>
      							<RPBallisticKevlar>75</RPBallisticKevlar>
      							<ComponentIndustrial>1</ComponentIndustrial>
    						</costList>
    						<apparel>
      							<bodyPartGroups>
        							<li>Torso</li>
        							<li>Neck</li>
        							<li>Shoulders</li>
      							</bodyPartGroups>
      							<wornGraphicPath>Things/Pawn/Humanlike/Apparel/FlakVest/FlakVest</wornGraphicPath>
      							<layers>
        							<li>Middle</li>
      							</layers>
      							<tags>
        							<li>IndustrialAdvanced</li>
									<li>SpacerMilitary</li>
      							</tags>
      							<defaultOutfitTags>
        							<li>Soldier</li>
      							</defaultOutfitTags>
    						</apparel>
    						<colorGenerator Class="ColorGenerator_Options">
      						<options>
        					<li>
          						<only>(0.27,0.19,0.06)</only>
        					</li>
        					<li>
          						<only>(0.31,0.49,0.22)</only>
        					</li>
        					<li>
          						<weight>0.5</weight>
          						<min>(0.25,0.20,0.05)</min>
          						<max>(0.35,0.50,0.20)</max>
        					</li>
      						</options>
    						</colorGenerator>
							<burnableByRecipe>true</burnableByRecipe>
  						</ThingDef>
					</value>
				</li>
			</operations>
		</match>
	</Operation>
	
</Patch>