<?xml version="1.0" encoding="utf-8" ?>
<Patch>
	
	<!--  Add Graphene Circuit Breaker -->
	
	<Operation Class="PatchOperationFindMod">
	<mods>
		<li>RT Fuse</li>
	</mods>
	<match Class="PatchOperationAdd">
		<xpath>/Defs</xpath>
		<value>
			<ThingDef>
				<defName>Building_RPGrapheneRTCrcBrk</defName>
				<label>Graphene circuit breaker</label>
				<description>A set of automatic graphene circuit breakers. Handles up to 10 KWd discharge, will flick off if tripped.</description>
				<designationCategory>Power</designationCategory>
				<category>Building</category>
				<thingClass>Building</thingClass>
				<minifiedDef>MinifiedThing</minifiedDef>
				<thingCategories>
					<li>BuildingsPower</li>
				</thingCategories>
				<graphicData>
					<texPath>Things/Building/Power/RPG_Fuse/Graphene/Building_RPGrapheneRTCrcBrk</texPath>
					<graphicClass>Graphic_Multi</graphicClass>
					<drawSize>(1.25, 1.25)</drawSize>
					<damageData>
						<rect>(0, 0, 1, 2)</rect>
					</damageData>
				</graphicData>
				<drawerType>MapMeshAndRealTime</drawerType>
				<repairEffect>Repair</repairEffect>
				<constructEffect>ConstructMetal</constructEffect>
				<soundImpactDefault>BulletImpact_Metal</soundImpactDefault>
				<filthLeaving>Filth_RubbleBuilding</filthLeaving>
				<staticSunShadowHeight>0.2</staticSunShadowHeight>
				<castEdgeShadows>true</castEdgeShadows>
				<researchPrerequisites>
					<li>ResearchProject_RTCircuitBreakers</li>
					<li>RimPlas_Graphene</li>
				</researchPrerequisites>
				<size>(1, 1)</size>
				<terrainAffordanceNeeded>Light</terrainAffordanceNeeded>
				<altitudeLayer>Building</altitudeLayer>
				<passability>PassThroughOnly</passability>
				<selectable>True</selectable>
				<rotatable>True</rotatable>
				<fillPercent>0.40</fillPercent>
				<pathCost>70</pathCost>
				<statBases>
					<MaxHitPoints>150</MaxHitPoints>
					<WorkToBuild>1000</WorkToBuild>
					<Flammability>1.0</Flammability>
					<Mass>10</Mass>
					<Beauty>-5</Beauty>
				</statBases>
				<leaveResourcesWhenKilled>True</leaveResourcesWhenKilled>
				<costList>
					<Plasteel>25</Plasteel>
					<RimPlasGraphene>5</RimPlasGraphene>
					<ComponentSpacer>1</ComponentSpacer>
				</costList>
				<comps>
					<li Class="CompProperties_Power">
						<compClass>CompPowerTransmitter</compClass>
						<transmitsPower>True</transmitsPower>
					</li>
					<li Class="CompProperties_Flickable" />
					<li Class="RT_Fuse.CompProperties_RTFuse">
						<compClass>RT_Fuse.CompRTFuse</compClass>
						<surgeMitigation>10000</surgeMitigation>
						<breakdownOnTrip>false</breakdownOnTrip>
					</li>
					<li Class="CompProperties_Breakdownable"/>
				</comps>
			</ThingDef>
		</value>
	</match>
	</Operation>
	
	<!--  Add CarbonFibre/Plastic Circuit Breaker -->
	
	<Operation Class="PatchOperationFindMod">
	<mods>
		<li>RT Fuse</li>
	</mods>
	<match Class="PatchOperationAdd">
		<xpath>/Defs</xpath>
		<value>
			<ThingDef>
				<defName>Building_RPCarbonRTCrcBrk</defName>
				<label>Carbon Fibre circuit breaker</label>
				<description>A set of automatic carbon fibre circuit breakers. Handles up to 5 KWd discharge, will flick off if tripped.</description>
				<designationCategory>Power</designationCategory>
				<category>Building</category>
				<thingClass>Building</thingClass>
				<minifiedDef>MinifiedThing</minifiedDef>
				<thingCategories>
					<li>BuildingsPower</li>
				</thingCategories>
				<graphicData>
					<texPath>Things/Building/Power/RPG_Fuse/Carbon/Building_RPCarbonRTCrcBrk</texPath>
					<graphicClass>Graphic_Multi</graphicClass>
					<drawSize>(1.25, 1.25)</drawSize>
					<damageData>
						<rect>(0, 0, 1, 2)</rect>
					</damageData>
				</graphicData>
				<drawerType>MapMeshAndRealTime</drawerType>
				<repairEffect>Repair</repairEffect>
				<constructEffect>ConstructMetal</constructEffect>
				<soundImpactDefault>BulletImpact_Metal</soundImpactDefault>
				<filthLeaving>Filth_RubbleBuilding</filthLeaving>
				<staticSunShadowHeight>0.2</staticSunShadowHeight>
				<castEdgeShadows>true</castEdgeShadows>
				<researchPrerequisites>
					<li>ResearchProject_RTCircuitBreakers</li>
					<li>RimPlas_CarboSynth</li>
				</researchPrerequisites>
				<size>(1, 1)</size>
				<terrainAffordanceNeeded>Light</terrainAffordanceNeeded>
				<altitudeLayer>Building</altitudeLayer>
				<passability>PassThroughOnly</passability>
				<selectable>True</selectable>
				<rotatable>True</rotatable>
				<fillPercent>0.40</fillPercent>
				<pathCost>70</pathCost>
				<statBases>
					<MaxHitPoints>120</MaxHitPoints>
					<WorkToBuild>800</WorkToBuild>
					<Flammability>1.0</Flammability>
					<Mass>8</Mass>
					<Beauty>-7</Beauty>
				</statBases>
				<leaveResourcesWhenKilled>True</leaveResourcesWhenKilled>
				<costList>
					<Steel>20</Steel>
					<RimPlas>10</RimPlas>
					<CarboFibre>10</CarboFibre>
					<ComponentIndustrial>1</ComponentIndustrial>
				</costList>
				<comps>
					<li Class="CompProperties_Power">
						<compClass>CompPowerTransmitter</compClass>
						<transmitsPower>True</transmitsPower>
					</li>
					<li Class="CompProperties_Flickable" />
					<li Class="RT_Fuse.CompProperties_RTFuse">
						<compClass>RT_Fuse.CompRTFuse</compClass>
						<surgeMitigation>5000</surgeMitigation>
						<breakdownOnTrip>false</breakdownOnTrip>
					</li>
					<li Class="CompProperties_Breakdownable"/>
				</comps>
			</ThingDef>
		</value>
	</match>
	</Operation>
	
</Patch>