<?xml version="1.0" encoding="utf-8" ?>
<Patch>
	
<!-- ====== Compatability Patch ==================== -->
	
	<!-- Asphalt -->
	
	<!-- Add ingredients -->
	
	<Operation Class="PatchOperationFindMod">
		<mods>
			<li>[RF] Concrete (Continued)</li>
		</mods>
		<match Class="PatchOperationSequence">
			<success>Always</success>
			<operations>
				<li Class="PatchOperationAdd">
					<xpath>/Defs/RecipeDef[defName="MakeAsphalt"]/ingredients/li/filter/thingDefs</xpath>
					<value>
						<li>RFFConcrete</li>
					</value>
				</li>
				<li Class="PatchOperationAdd">
					<xpath>/Defs/RecipeDef[defName="MakeAsphalt"]/fixedIngredientFilter/thingDefs</xpath>
					<value>
						<li>RFFConcrete</li>
					</value>
				</li>
			</operations>
		</match>
	</Operation>
	
</Patch>