<?xml version="1.0" encoding="utf-8" ?>
<Patch>
	
	<!--  Add MS_DStand -->
	
	<Operation Class="PatchOperationFindMod">
	<mods>
		<li>Medical Supplements</li>
	</mods>
	<match Class="PatchOperationConditional">
		<xpath>/Defs/ThingDef[defName="RPHT_HospitalBed"]/comps/li[@Class="CompProperties_AffectedByFacilities"]/linkableFacilities[li = 'MS_DStand']</xpath>
		<nomatch Class="PatchOperationConditional">
			<xpath>/Defs/ThingDef[defName="RPHT_HospitalBed"]/comps/li[@Class="CompProperties_AffectedByFacilities"]/linkableFacilities</xpath>
			<match Class="PatchOperationAdd">
				<xpath>/Defs/ThingDef[defName="RPHT_HospitalBed"]/comps/li[@Class="CompProperties_AffectedByFacilities"]/linkableFacilities</xpath>
				<value>
					<li>MS_DStand</li>
				</value>
			</match>
			<nomatch Class="PatchOperationAdd">
				<xpath>/Defs/ThingDef[defName="RPHT_HospitalBed"]/comps/li[@Class="CompProperties_AffectedByFacilities"]</xpath>
				<value>
					<linkableFacilities>
						<li>MS_DStand</li>
					</linkableFacilities>
				</value>
			</nomatch>
		</nomatch>
		<match Class="PatchOperationReplace">
			<xpath>/Defs/ThingDef[defName="RPHT_HospitalBed"]/comps/li[@Class="CompProperties_AffectedByFacilities"]/linkableFacilities[li = 'MS_DStand']</xpath>
			<value>
				<li>MS_DStand</li>
			</value>
		</match>
	</match>
	</Operation>
	
	<!-- VFE MM -->
	
	<Operation Class="PatchOperationFindMod">
	<mods>
		<li>Vanilla Furniture Expanded - Medical Module</li>
	</mods>
	<match Class="PatchOperationSequence">
	<success>Always</success>
		<operations>
			<li Class="PatchOperationAdd">
				<xpath>/Defs/ThingDef[defName="RPHT_HospitalBed"]/comps/li[@Class='CompProperties_AffectedByFacilities']/linkableFacilities</xpath>
				<value>
					<li>Facility_VitalsCentre</li>
					<li>Facility_IVDrip</li>
				</value>
			</li>
			<li Class="PatchOperationReplace">
				<xpath>/Defs/ThingDef[defName="Facility_IVDrip"]/comps/li[@Class='CompProperties_Facility']/statOffsets/ImmunityGainSpeedFactor</xpath>
				<value>
					<ImmunityGainSpeedFactor>0.1</ImmunityGainSpeedFactor>
				</value>
			</li>
			<li Class="PatchOperationReplace">
				<xpath>/Defs/ThingDef[defName="Facility_IVDrip"]/comps/li[@Class='CompProperties_Facility']/maxSimultaneous</xpath>
				<value>
					<maxSimultaneous>2</maxSimultaneous>
				</value>
			</li>
		</operations>
	</match>
	</Operation>
	
</Patch>