<?xml version="1.0" encoding="utf-8" ?>
<Defs>

  <ThingDef ParentName="FurnitureBase" Name="TSBBedBase" Abstract="True">
    <thingClass>Building_Bed</thingClass>
	<techLevel>Spacer</techLevel>
	<minifiedDef>MinifiedThing</minifiedDef>
	<designationCategory>RimPlas_FurnDesig</designationCategory>
	<thingCategories Inherit="false"><li>BuildingsRimPlas</li></thingCategories>
	<researchPrerequisites><li>RimThermoPlas</li></researchPrerequisites>
    <constructionSkillPrerequisite>8</constructionSkillPrerequisite>
    <altitudeLayer>Building</altitudeLayer>
    <comps>
      <li Class="CompProperties_AssignableToPawn">
        <drawAssignmentOverlay>false</drawAssignmentOverlay>
        <compClass>CompAssignableToPawn_Bed</compClass>
      </li>
    </comps>
    <drawGUIOverlay>true</drawGUIOverlay>
    <canOverlapZones>false</canOverlapZones>
    <!--
	<placeWorkers><li>PlaceWorker_ShowFacilitiesConnections</li></placeWorkers>
	-->
    <defaultPlacingRot>South</defaultPlacingRot>
	 <building>
      <bed_showSleeperBody>false</bed_showSleeperBody>
      <bed_healPerDay>4</bed_healPerDay>
      <bed_caravansCanUse>true</bed_caravansCanUse>
    </building>
	<pathCost>5</pathCost><passability>Standable</passability><blockWind>false</blockWind>
  </ThingDef>

  <ThingDef Name="TSBBedWithQualityBase" ParentName="TSBBedBase" Abstract="True">
    <comps>
		<li>
			<compClass>CompQuality</compClass>
		</li>
	</comps>
  </ThingDef>
  
  <!-- ===== Single ===== -->

<ThingDef ParentName="TSBBedWithQualityBase">
    <defName>BedRoll_TSB</defName>
    <label>RimThermoPlas Single Bedroll</label>
    <description>A complex bedroll utilising RimThermoPlas for additional heating. It can be rolled up for easy transport, but it is not quite as comfortable as a typical bed. Caravans can use bedrolls while traveling for better sleep.</description>
    <graphicData>
      <texPath>Things/Building/Furniture/Bed/TSB/Bedroll_TSB</texPath>
      <graphicClass>Graphic_Multi</graphicClass>
      <shaderType>CutoutComplex</shaderType>
      <drawSize>(1,2)</drawSize>
    </graphicData>
    <castEdgeShadows>True</castEdgeShadows>
    <statBases>
      <MaxHitPoints>75</MaxHitPoints>
      <Flammability>1.2</Flammability>
      <Mass>4.3</Mass>
      <BedRestEffectiveness>0.95</BedRestEffectiveness>
      <ImmunityGainSpeedFactor>1.05</ImmunityGainSpeedFactor>
      <Comfort>0.75</Comfort>
      <WorkToBuild>1500</WorkToBuild>
    </statBases>
	<uiIconPath>Things/Building/Misc/TSB/Bedroll_TSB_MenuIcon</uiIconPath>
	<placeWorkers><li>PlaceWorker_Heater</li></placeWorkers>
    <drawPlaceWorkersWhileSelected>true</drawPlaceWorkersWhileSelected>
	<tickerType>Normal</tickerType>
	<drawerType>RealtimeOnly</drawerType>
    <fillPercent>0.20</fillPercent>
    <comps>
      <!-- Removed causes errors
		<li Class="CompProperties_AffectedByFacilities">
        <linkableFacilities>
          <li>Dresser</li>
          <li>EndTable</li>
        </linkableFacilities>
      </li>
		-->
	   <li Class="CompProperties_Refuelable">
        <fuelConsumptionRate>2</fuelConsumptionRate><fuelCapacity>10.0</fuelCapacity>
        <!-- <fuelConsumptionPerTickInRain>0.0006</fuelConsumptionPerTickInRain> -->
        <fuelFilter><thingDefs><li>Chemfuel</li></thingDefs></fuelFilter>
        <initialFuelPercent>1</initialFuelPercent>
      </li>
	  <li Class="CompProperties_HeatPusher">
        <compClass>CompHeatPusherPowered</compClass>
        <heatPerSecond>8</heatPerSecond><heatPushMaxTemperature>24</heatPushMaxTemperature>
      </li>
      <li Class="CompProperties_Breakdownable"/>
    </comps>
    <size>(1,2)</size>
    <stuffCategories><li>Leathery</li></stuffCategories><costStuffCount>50</costStuffCount>
	<costList>
		<RimThermoPlas_Foam>10</RimThermoPlas_Foam>
		<Steel>10</Steel><ComponentIndustrial>1</ComponentIndustrial>
		<Chemfuel>10</Chemfuel><Silver>10</Silver>
	</costList>
    <designationHotKey>Misc2</designationHotKey>
  </ThingDef>
  
  <!-- ========== Double ============ -->
  
    <ThingDef ParentName="TSBBedWithQualityBase">
    <defName>BedrollDouble_TSB</defName>
    <label>RimThermoPlas Double Bedroll</label>
    <description>A complex double-wide bedroll utilising RimThermoPlas for additional heating. It can be rolled up for easy transport, but it is not quite as comfortable as a typical bed. Caravans can use bedrolls while traveling for better sleep.</description>
	<graphicData>
      <texPath>Things/Building/Furniture/Bed/TSB/BedrollDouble_TSB</texPath>
      <graphicClass>Graphic_Multi</graphicClass>
      <shaderType>CutoutComplex</shaderType>
      <drawSize>(2,2)</drawSize>
    </graphicData>
    <castEdgeShadows>True</castEdgeShadows>
    <statBases>
      <Flammability>1.2</Flammability>
      <Mass>7.5</Mass>
      <BedRestEffectiveness>0.95</BedRestEffectiveness>
      <ImmunityGainSpeedFactor>1.05</ImmunityGainSpeedFactor>
      <Comfort>0.75</Comfort>
      <WorkToBuild>2000</WorkToBuild>
    </statBases>
	<uiIconPath>Things/Building/Misc/TSB/BedrollDouble_TSB_MenuIcon</uiIconPath>
	<placeWorkers><li>PlaceWorker_Heater</li></placeWorkers>
    <drawPlaceWorkersWhileSelected>true</drawPlaceWorkersWhileSelected>
	<tickerType>Normal</tickerType>
	<drawerType>RealtimeOnly</drawerType>
    <fillPercent>0.20</fillPercent>
    <comps>
		<!-- Removed causes errors
      <li Class="CompProperties_AffectedByFacilities">
        <linkableFacilities><li>Dresser</li><li>EndTable</li></linkableFacilities>
      </li>
		-->
	   <li Class="CompProperties_Refuelable">
        <fuelConsumptionRate>2</fuelConsumptionRate><fuelCapacity>15.0</fuelCapacity>
        <!-- <fuelConsumptionPerTickInRain>0.0006</fuelConsumptionPerTickInRain> -->
        <fuelFilter><thingDefs><li>Chemfuel</li></thingDefs></fuelFilter>
        <initialFuelPercent>1</initialFuelPercent>
      </li>
	  <li Class="CompProperties_HeatPusher">
        <compClass>CompHeatPusherPowered</compClass>
        <heatPerSecond>9</heatPerSecond><heatPushMaxTemperature>24</heatPushMaxTemperature>
      </li>
      <li Class="CompProperties_Breakdownable"/>
    </comps>
    <size>(2,2)</size>
    <stuffCategories><li>Leathery</li></stuffCategories><costStuffCount>100</costStuffCount>
	<costList>
		<RimThermoPlas_Foam>20</RimThermoPlas_Foam>
		<Steel>20</Steel><ComponentIndustrial>1</ComponentIndustrial>
		<Chemfuel>15</Chemfuel><Silver>10</Silver>
	</costList>
    <designationHotKey>Misc3</designationHotKey>
  </ThingDef>
	
</Defs>