<?xml version="1.0" encoding="utf-8"?>
<Defs>
	
	<!-- Stun Hediff -->
	
	<HediffDef>
  		<defName>HED_RPSecStun</defName>
    	<hediffClass>HediffWithComps</hediffClass>
    	<label>Security door stun effect</label>
		<description>Security door stun effect</description>
    	<defaultLabelColor>(1,0,0.5)</defaultLabelColor>
    	<scenarioCanAdd>false</scenarioCanAdd>
    	<maxSeverity>1.0</maxSeverity>
		<isBad>false</isBad>
    	<comps>
    		<li Class="HediffCompProperties_SeverityPerDay">
        			<severityPerDay>-3.95</severityPerDay>
      		</li>
			<li Class="HediffCompProperties_Immunizable">
				<severityPerDayNotImmune>0.00</severityPerDayNotImmune>
		  	</li>
    	</comps>
		<makesSickThought>false</makesSickThought>
		<stages>
			<li>
				<lifeThreatening>false</lifeThreatening>
				<label>Stunned</label>
				<capMods>
				<li>
            			<capacity>Consciousness</capacity>
            			<setMax>0.15</setMax>
				</li>
				</capMods>
			</li>
     	</stages>
  	</HediffDef>
	
	<!-- Security Doors Base -->
	
  	<ThingDef ParentName="BuildingBase" Name="RPSecDoorBase" Abstract="True">
    	<thingClass>Building_Door</thingClass>
    	<category>Building</category>
    	<altitudeLayer>DoorMoveable</altitudeLayer>
    	<fillPercent>1</fillPercent>
    	<useHitPoints>true</useHitPoints>
		<stuffCategories>
      		<li>Metallic</li>
    	</stuffCategories>
    	<statBases>
      		<MaxHitPoints>400</MaxHitPoints>
      		<Flammability>0.1</Flammability>
    	</statBases>
    	<leaveResourcesWhenKilled>false</leaveResourcesWhenKilled>
    	<selectable>true</selectable>
    	<tickerType>Normal</tickerType>
    	<rotatable>false</rotatable>
    	<soundImpactDefault>BulletImpact_Metal</soundImpactDefault>
    	<terrainAffordanceNeeded>Light</terrainAffordanceNeeded>
    	<designationCategory>RimPlas_FurnDesig</designationCategory>
    	<holdsRoof>true</holdsRoof>
    	<staticSunShadowHeight>1.0</staticSunShadowHeight>
    	<blockLight>true</blockLight>
    	<drawerType>RealtimeOnly</drawerType>
    	<building>
			<isInert>true</isInert>
			<canPlaceOverWall>true</canPlaceOverWall>
      		<soundDoorOpenPowered>Door_OpenPowered</soundDoorOpenPowered>
      		<soundDoorClosePowered>Door_ClosePowered</soundDoorClosePowered>
      		<soundDoorOpenManual>Door_OpenManual</soundDoorOpenManual>
      		<soundDoorCloseManual>Door_CloseManual</soundDoorCloseManual>
      		<blueprintClass>Blueprint_Door</blueprintClass>
      		<blueprintGraphicData>
        			<texPath>Things/Building/Door/RPSecurityDoor_Blueprint</texPath>
      		</blueprintGraphicData>
      		<ai_chillDestination>false</ai_chillDestination>
    	</building>
    	<comps>
    		<li Class="CompProperties_Forbiddable"/>
			<li Class="CompProperties_Breakdownable"/>
	  		<li Class="CompProperties_Flickable" />
    	</comps>
		<placeWorkers>
			<li>PlaceWorker_DoorLearnOpeningSpeed</li>
		</placeWorkers>
		<researchPrerequisites>
      		<li>RPSecurityDoors</li>
    	</researchPrerequisites>
  	</ThingDef>	
	
  	<!-- Security Door -->
  
  	<ThingDef ParentName="RPSecDoorBase">
    	<defName>RPSecurityDoor</defName>
    	<label>Neurosis Security Door</label>
    	<description>Divides rooms. Powered operation allows people to move through the door without slowing down. This door has additional biometric sensors that can allow it to detect if a colonist is in an abnormal mental state and "intervene".</description>
    	<statBases>
      		<WorkToBuild>1200</WorkToBuild>
    	</statBases>
		<techLevel>Spacer</techLevel>
    	<graphicData>
      		<texPath>Things/Building/Door/RPSecurityDoor_Mover</texPath>
      		<graphicClass>Graphic_Single</graphicClass>
      		<damageData>
      			<!--  no damage marks because they don't move with the door
        			<rect>(0,0.12,1,0.76)</rect>-->
        			<enabled>false</enabled>
      		</damageData>
    	</graphicData>
    	<uiIconPath>Things/Building/Door/RPSecurityDoor_MenuIcon</uiIconPath>
    	<costList>
      		<RimPlasGraphene>50</RimPlasGraphene>
      		<ComponentIndustrial>2</ComponentIndustrial>
	  		<ComponentSpacer>1</ComponentSpacer>
    	</costList>
		<costStuffCount>25</costStuffCount>
    	<comps>
      		<li Class="CompProperties_Power">
        			<compClass>CompPowerTrader</compClass>
        			<basePowerConsumption>100</basePowerConsumption>
      		</li>
			<li Class="CompProperties_Glower">
        			<glowRadius>3</glowRadius>
        			<glowColor>(33,68,101,0)</glowColor>
      		</li>
	  		<li Class="RimPlas.CompProperties_SecurityReact">
				<compClass>Rimplas.CompSecurityReact</compClass>
				<radius>2.0</radius>
				<SecurityHediff>HED_RPSecStun</SecurityHediff>
        		<SecuritySeverity>1.0</SecuritySeverity>
			</li>
    	</comps>
    	<designationHotKey>Misc3</designationHotKey>
    	<constructionSkillPrerequisite>10</constructionSkillPrerequisite>
  	</ThingDef>

</Defs>