<?xml version="1.0" encoding="utf-8"?>
<Defs>
	
	<!-- Research -->
	
	<ResearchProjectDef>
		<defName>RPThingMaker</defName>
		<label>Modular Fabricator</label>
		<description>Grants the ability to build the modular fabricator. An automated machine with 3d printing, laser etching and plasma cutting capabilities.</description>
		<baseCost>1000</baseCost>
		<techLevel>Spacer</techLevel>
		<prerequisites>
			<li>RimPlas_Components</li>
		</prerequisites>
		<requiredResearchBuilding>HiTechResearchBench</requiredResearchBuilding>
		<tab>RimPlas</tab>
	</ResearchProjectDef>
		
	<!-- Building -->

 	<ThingDef ParentName="BuildingBase">
    	<defName>RPThingMaker</defName>
    	<label>Modular Fabricator</label>
    	<description>An automated machine with 3d printing, laser etching and plasma cutting capabilities:\n\n\nValid Recipes:\n\nComponents: RimPoly and Electrosteel Wool.\n\nAdvanced Components: RimPoly, Electrosteel Wool and Gold Wool.</description>
    	<thingClass>RimPlas.Building_RPThingMaker</thingClass>
    	<graphicData>
      		<texPath>Things/Building/Misc/RPThingMaker/RPThingMaker</texPath>
      		<graphicClass>Graphic_Multi</graphicClass>
      		<drawSize>(4,2)</drawSize>
      		<damageData>
        		<cornerTL>Damage/Corner</cornerTL>
        		<cornerTR>Damage/Corner</cornerTR>
      		</damageData>
    	</graphicData>
		<techLevel>Spacer</techLevel>
		<tickerType>Normal</tickerType>
    	<altitudeLayer>Building</altitudeLayer>
    	<passability>PassThroughOnly</passability>
    	<blockWind>false</blockWind>
    	<fillPercent>0.75</fillPercent>
		<pathCost>85</pathCost>
    	<statBases>
      		<WorkToBuild>5000</WorkToBuild>
      		<MaxHitPoints>350</MaxHitPoints>
      		<Flammability>0.5</Flammability>
    	</statBases>
		<!--
    		<building>

    		</building>
		-->	
    	<comps>
      		<li Class="CompProperties_Power">
        		<compClass>CompPowerTrader</compClass>
        		<basePowerConsumption>250</basePowerConsumption>
      		</li>
      		<li Class="CompProperties_Flickable"/>
      		<li Class="CompProperties_Breakdownable"/>
    	</comps>
    	<size>(4,2)</size>
    	<costList>
      		<Steel>120</Steel>
      		<ComponentIndustrial>8</ComponentIndustrial>
			<ComponentSpacer>2</ComponentSpacer>
			<AIPersonaCore>1</AIPersonaCore>
    	</costList>
    	<socialPropernessMatters>false</socialPropernessMatters>
    	<interactionCellOffset>(0,0,2)</interactionCellOffset>
    	<hasInteractionCell>false</hasInteractionCell>
    	<terrainAffordanceNeeded>Heavy</terrainAffordanceNeeded>
    	<designationCategory>Misc</designationCategory>
    	<constructEffect>ConstructMetal</constructEffect>
    	<designationHotKey>Misc6</designationHotKey>
    	<canOverlapZones>false</canOverlapZones>
    	<constructionSkillPrerequisite>7</constructionSkillPrerequisite>
    	<researchPrerequisites>
      		<li>RPThingMaker</li>
    	</researchPrerequisites>
  	</ThingDef>

  	<ThingDef ParentName="BuildingBase">
    	<defName>RPThingMakerInput</defName>
    	<label>Modular Fabricator Input</label>
    	<description>Holds input resources for use by the modular fabricator during production.</description>
    	<thingClass>Building_Storage</thingClass>
    	<graphicData>
      		<texPath>Things/Building/Misc/RPThingMaker/RPThingMakerInput/RPThingMakerInput</texPath>
      		<graphicClass>Graphic_Multi</graphicClass>
      		<damageData>
        		<rect>(0.05,0.1,0.9,0.9)</rect>
        		<cornerTL>Damage/Corner</cornerTL>
        		<cornerTR>Damage/Corner</cornerTR>
      		</damageData>
    	</graphicData>
    	<altitudeLayer>Building</altitudeLayer>
    	<passability>PassThroughOnly</passability>
    	<fillPercent>0.5</fillPercent>
    	<pathCost>70</pathCost>
    	<canOverlapZones>false</canOverlapZones>
    	<building>
      		<fixedStorageSettings>
        		<priority>Important</priority>
        		<filter>
          			<!-- <categories>
						<li></li>
          			</categories> -->
		  			<thingDefs>
						<li>RimPoly</li>
						<li>RimPlas_ElectroSteel_Wool</li>
						<li>RimPlas_Gold_Wool</li>
						<li>RimPlas_Plasteel_Wool</li>
		  			</thingDefs>
		   			<!-- <disallowedThingDefs>
						<li></li>
          			</disallowedThingDefs> -->
		  		</filter>
      		</fixedStorageSettings>
	  		<!--
      		<defaultStorageSettings>
        		<priority>Important</priority>
        		<filter>
          			<categories>
	  
		          	</categories>
				  	<thingDefs>
	  
		  			</thingDefs>
          			<disallowedThingDefs>

          			</disallowedThingDefs>
        		</filter>
      		</defaultStorageSettings>
	  		-->
    	</building>
    	<inspectorTabs>
      		<li>ITab_Storage</li>
    	</inspectorTabs>
    	<castEdgeShadows>true</castEdgeShadows>
    	<statBases>
			<Mass>5</Mass>
      		<WorkToBuild>300</WorkToBuild>
      		<MaxHitPoints>100</MaxHitPoints>
      		<Flammability>0.5</Flammability>
    	</statBases>
    	<costList>
      		<Steel>15</Steel>
    	</costList>
    	<tickerType>Never</tickerType>
    	<rotatable>true</rotatable>
    	<neverMultiSelect>true</neverMultiSelect>
    	<designationCategory>Misc</designationCategory>
		<minifiedDef>MinifiedThing</minifiedDef>
		<thingCategories Inherit="false">
			<li>BuildingsMisc</li>
		</thingCategories>
    	<surfaceType>Item</surfaceType>
    	<placeWorkers>
      		<li>RimPlas.PlaceWorker_RPThingMakerHopper</li>
    	</placeWorkers>
    	<constructEffect>ConstructMetal</constructEffect>
    	<researchPrerequisites>
      		<li>RPThingMaker</li>
    	</researchPrerequisites>
    	<uiIconPath>Things/Building/Misc/RPThingMaker/RPThingMakerInput/RPThingMakerInput_MenuIcon</uiIconPath>
    	<uiIconScale>0.85</uiIconScale>
  	</ThingDef>
  
  	<ThingDef ParentName="BuildingBase">
    	<defName>RPThingMakerOutput</defName>
    	<label>Modular Fabricator Output</label>
    	<description>Holds output products from the modular fabricator.</description>
    	<thingClass>Building_Storage</thingClass>
    	<graphicData>
      		<texPath>Things/Building/Misc/RPThingMaker/RPThingMakerOutput/RPThingMakerOutput</texPath>
      		<graphicClass>Graphic_Multi</graphicClass>
      		<damageData>
        		<rect>(0.05,0.1,0.9,0.9)</rect>
        		<cornerTL>Damage/Corner</cornerTL>
        		<cornerTR>Damage/Corner</cornerTR>
      		</damageData>
    	</graphicData>
    	<altitudeLayer>Building</altitudeLayer>
    	<passability>PassThroughOnly</passability>
    	<fillPercent>0.5</fillPercent>
    	<pathCost>70</pathCost>
    	<canOverlapZones>false</canOverlapZones>
    	<building>
      		<fixedStorageSettings>
        		<priority>Low</priority>
        		<filter>
          			<!-- <categories>
            			
          			</categories> -->
		  			<thingDefs>
						<li>ComponentIndustrial</li>
						<li>ComponentSpacer</li>
		  			</thingDefs>
		  			<!--  <disallowedThingDefs>

			        </disallowedThingDefs> -->
        		</filter>
      		</fixedStorageSettings>
	  		<!--
      		<defaultStorageSettings>
        		<priority>Low</priority>
        		<filter>
          			<categories>

			        </categories>
		  			<thingDefs>

					</thingDefs>
          			<disallowedThingDefs>

          			</disallowedThingDefs>
        		</filter>
      		</defaultStorageSettings>
			-->
    	</building>
    	<inspectorTabs>
      		<li>ITab_Storage</li>
    	</inspectorTabs>
    	<castEdgeShadows>true</castEdgeShadows>
    	<statBases>
			<Mass>5</Mass>
      		<WorkToBuild>300</WorkToBuild>
      		<MaxHitPoints>100</MaxHitPoints>
      		<Flammability>0.5</Flammability>
    	</statBases>
    	<costList>
      		<Steel>15</Steel>
    	</costList>
    	<tickerType>Never</tickerType>
    	<rotatable>true</rotatable>
    	<neverMultiSelect>true</neverMultiSelect>
    	<designationCategory>Misc</designationCategory>
		<minifiedDef>MinifiedThing</minifiedDef>
		<thingCategories Inherit="false">
			<li>BuildingsMisc</li>
		</thingCategories>
    	<surfaceType>Item</surfaceType>
    	<placeWorkers>
      		<li>RimPlas.PlaceWorker_RPThingMakerHopper</li>
    	</placeWorkers>
    	<constructEffect>ConstructMetal</constructEffect>
    	<researchPrerequisites>
      		<li>RPThingMaker</li>
    	</researchPrerequisites>
    	<uiIconPath>Things/Building/Misc/RPThingMaker/RPThingMakerOutput/RPThingMakerOutput_MenuIcon</uiIconPath>
    	<uiIconScale>0.85</uiIconScale>
  	</ThingDef>

</Defs>