<?xml version="1.0" encoding="utf-8" ?>
<Defs>
   
	<!-- ============== Injection Mould Machine =================== -->
	
 <ThingDef ParentName="BenchBase">
    <defName>RimPlas_InjMldMachine</defName>
    <label>RimPlas Injection Moulder</label>
    <description>Efficiently moulds RimPlas furniture and items from resources.</description>
    <thingClass>Building_WorkTable</thingClass>
    <altitudeLayer>Building</altitudeLayer>
    <passability>PassThroughOnly</passability>
    <pathCost>70</pathCost>
    <statBases>
      <MaxHitPoints>200</MaxHitPoints>
      <WorkToBuild>2000</WorkToBuild>
      <Flammability>1.0</Flammability>
    </statBases>
    <minifiedDef />
    <thingCategories Inherit="false" />
    <size>(3,2)</size>
    <costList>
      <Steel>200</Steel>
      <ComponentIndustrial>8</ComponentIndustrial>
	  <ComponentSpacer>1</ComponentSpacer>
    </costList>
    <comps>
      <li Class="CompProperties_Power">
        <compClass>CompPowerTrader</compClass>
        <basePowerConsumption>200</basePowerConsumption>
        <shortCircuitInRain>true</shortCircuitInRain>
      </li>
      <li Class="CompProperties_Flickable"/>
      <li Class="CompProperties_Breakdownable"/>
	  <li Class="CompProperties_AffectedByFacilities">
        <linkableFacilities>
          <li>ToolCabinet</li>
        </linkableFacilities>
      </li>
    </comps>
    <castEdgeShadows>false</castEdgeShadows>
    <staticSunShadowHeight>0</staticSunShadowHeight>
    <graphicData>
      <texPath>Things/Building/Production/RimPlas_InjMldMachine/RimPlas_InjMldMachine</texPath>
      <graphicClass>Graphic_Multi</graphicClass>
      <shaderType>CutoutComplex</shaderType>
      <drawSize>(3,2)</drawSize>
      <shadowData>
        <volume>(2.22, 0.8, 0.62)</volume>
        <offset>(0, 0, -0.13)</offset>
      </shadowData>
      <damageData>
        <rect>(0.3,0.1,2.4,1.8)</rect>
      </damageData>
    </graphicData>
    <inspectorTabs>
      <li>ITab_Bills</li>
    </inspectorTabs>
    <building>
      <spawnedConceptLearnOpportunity>BillsTab</spawnedConceptLearnOpportunity>
    </building>
    <fillPercent>0.5</fillPercent>
    <interactionCellOffset>(0,0,-1)</interactionCellOffset>
    <hasInteractionCell>true</hasInteractionCell>
    <terrainAffordanceNeeded>Heavy</terrainAffordanceNeeded>
    <designationCategory>Production</designationCategory>
    <surfaceType>Item</surfaceType>
    <constructionSkillPrerequisite>5</constructionSkillPrerequisite>
    <researchPrerequisites>
      <li>RimPlas_InjMld</li>
    </researchPrerequisites>
  </ThingDef>
  
  <!-- Advanced Injection Moulding Machine -->
  
   <ThingDef ParentName="BenchBase">
    <defName>RimPlas_AdvInjMld</defName>
    <label>RimPlas Advanced Injection Moulder</label>
    <description>Moulds complex materials.</description>
    <thingClass>Building_WorkTable</thingClass>
    <altitudeLayer>Building</altitudeLayer>
    <passability>PassThroughOnly</passability>
    <pathCost>70</pathCost>
    <statBases>
      <MaxHitPoints>200</MaxHitPoints>
      <WorkToBuild>2500</WorkToBuild>
      <Flammability>1.0</Flammability>
    </statBases>
    <minifiedDef />
    <thingCategories Inherit="false" />
    <size>(3,2)</size>
    <costList>
      <Steel>250</Steel>
      <ComponentIndustrial>8</ComponentIndustrial>
	  <ComponentSpacer>1</ComponentSpacer>
	  <AIPersonaCore>1</AIPersonaCore>
    </costList>
    <comps>
      <li Class="CompProperties_Power">
        <compClass>CompPowerTrader</compClass>
        <basePowerConsumption>200</basePowerConsumption>
        <shortCircuitInRain>true</shortCircuitInRain>
      </li>
      <li Class="CompProperties_Flickable"/>
      <li Class="CompProperties_Breakdownable"/>
	  <li Class="CompProperties_AffectedByFacilities">
        <linkableFacilities>
          <li>ToolCabinet</li>
        </linkableFacilities>
      </li>
    </comps>
    <castEdgeShadows>false</castEdgeShadows>
    <staticSunShadowHeight>0</staticSunShadowHeight>
    <graphicData>
      <texPath>Things/Building/Production/RimPlas_AdvInjMld/RimPlas_AdvInjMld</texPath>
      <graphicClass>Graphic_Multi</graphicClass>
      <shaderType>CutoutComplex</shaderType>
      <drawSize>(3,2)</drawSize>
      <shadowData>
        <volume>(2.22, 0.8, 0.62)</volume>
        <offset>(0, 0, -0.13)</offset>
      </shadowData>
      <damageData>
        <rect>(0.3,0.1,2.4,1.8)</rect>
      </damageData>
    </graphicData>
    <inspectorTabs>
      <li>ITab_Bills</li>
    </inspectorTabs>
    <building>
      <spawnedConceptLearnOpportunity>BillsTab</spawnedConceptLearnOpportunity>
    </building>
    <fillPercent>0.5</fillPercent>
    <interactionCellOffset>(0,0,-1)</interactionCellOffset>
    <hasInteractionCell>true</hasInteractionCell>
    <terrainAffordanceNeeded>Heavy</terrainAffordanceNeeded>
    <designationCategory>Production</designationCategory>
    <surfaceType>Item</surfaceType>
    <constructionSkillPrerequisite>8</constructionSkillPrerequisite>
    <researchPrerequisites>
      <li>RimPlas_AdvInjMld</li>
    </researchPrerequisites>
  </ThingDef>
  
  <!-- Mech Breaker -->
  
  <ThingDef ParentName="BenchBase">
    <defName>RimPlas_MechBreaker</defName>
    <label>Mech Breaker</label>
    <description>Breaks mechanoids down into their respective parts and extracts mechanites.</description>
    <thingClass>Building_WorkTable</thingClass>
    <altitudeLayer>Building</altitudeLayer>
	<rotatable>true</rotatable>
    <passability>PassThroughOnly</passability>
    <pathCost>70</pathCost>
    <statBases>
		<Mass>20</Mass>
      	<MaxHitPoints>75</MaxHitPoints>
      	<WorkToBuild>1500</WorkToBuild>
      	<Flammability>1.0</Flammability>
		<Cleanliness>-1</Cleanliness>
    </statBases>
    <minifiedDef>MinifiedThing</minifiedDef>
    <thingCategories Inherit="false">
		<li>BuildingsProduction</li>
	</thingCategories>
    <size>(1,1)</size>
    <costList>
	  	<Steel>75</Steel>
      	<ComponentIndustrial>3</ComponentIndustrial>
    </costList>
    <comps>
      <li Class="CompProperties_Power">
        	<compClass>CompPowerTrader</compClass>
        	<basePowerConsumption>150</basePowerConsumption>
        <shortCircuitInRain>true</shortCircuitInRain>
      </li>
      <li Class="CompProperties_Flickable"/>
	  <li Class="CompProperties_Glower">
        <glowRadius>3</glowRadius>
        <glowColor>(73,123,138,0)</glowColor>
      </li>
      <li Class="CompProperties_Breakdownable"/>
	  <li Class="CompProperties_AffectedByFacilities">
        <linkableFacilities>
          <li>ToolCabinet</li>
        </linkableFacilities>
      </li>
    </comps>
    <graphicData>
      	<texPath>Things/Building/Production/RimPlas_MechBreaker/RimPlas_MechBreaker</texPath>
      	<graphicClass>Graphic_Multi</graphicClass>
      	<drawSize>(1,1)</drawSize>
		<damageData>
        		<cornerTL>Damage/Corner</cornerTL>
        		<cornerTR>Damage/Corner</cornerTR>
        		<cornerBL>Damage/Corner</cornerBL>
        		<cornerBR>Damage/Corner</cornerBR>
      </damageData>
    </graphicData>
	<castEdgeShadows>true</castEdgeShadows>
    <staticSunShadowHeight>0.20</staticSunShadowHeight>
    <inspectorTabs>
      	<li>ITab_Bills</li>
    </inspectorTabs>
    <building>
      <spawnedConceptLearnOpportunity>BillsTab</spawnedConceptLearnOpportunity>
    </building>
    <fillPercent>0.5</fillPercent>
    <interactionCellOffset>(0,0,-1)</interactionCellOffset>
    <hasInteractionCell>true</hasInteractionCell>
    <designationCategory>Production</designationCategory>
    <surfaceType>Item</surfaceType>
    <constructionSkillPrerequisite>5</constructionSkillPrerequisite>
    <researchPrerequisites>
      	<li>RimPlas_AdvInjMld</li>
    </researchPrerequisites>
	<placeWorkers>
      <li>PlaceWorker_ShowFacilitiesConnections</li>
    </placeWorkers>
  </ThingDef>

</Defs>
