<?xml version="1.0" encoding="utf-8" ?>
<Defs>
	
	<ResearchTabDef>
		<defName>RimPlasCarbon</defName>
		<label>RimPlas Carbon Synthetics</label>
	</ResearchTabDef>
	
	<ResearchProjectDef>
		<defName>RimPlas_CarboSynth</defName>
		<label>Carbon synthetics</label>
		<description>Grants the ability to use new materials.</description>
		<baseCost>1000</baseCost>
		<techLevel>Spacer</techLevel>
		<prerequisites>
			<li>RimPlas_Synth</li>
			<li>RimPlas_SemiSynth</li>
		</prerequisites>
		<requiredResearchBuilding>HiTechResearchBench</requiredResearchBuilding>
		<!-- <requiredResearchFacilities><li>MultiAnalyzer</li></requiredResearchFacilities> -->
		<tab>RimPlasCarbon</tab>
	</ResearchProjectDef>
	
	<ResearchProjectDef>
		<defName>RimPlas_Graphene</defName>
		<label>Graphene</label>
		<description>Grants the ability to use new materials.</description>
		<baseCost>5000</baseCost>
		<techLevel>Spacer</techLevel>
		<prerequisites>
			<li>RimPlas_CarboSynth</li>
		</prerequisites>
		<requiredResearchBuilding>HiTechResearchBench</requiredResearchBuilding>
		<requiredResearchFacilities><li>MultiAnalyzer</li></requiredResearchFacilities>
		<tab>RimPlasCarbon</tab>
	</ResearchProjectDef>
	
	<ResearchProjectDef>
		<defName>RimPlas_CarbonComposites</defName>
		<label>Carbon Composite Materials</label>
		<description>Grants the ability to use new materials</description>
		<baseCost>2000</baseCost>
		<techLevel>Spacer</techLevel>
		<prerequisites>
			<li>RimPlas_CarboSynth</li>
		</prerequisites>
		<requiredResearchBuilding>HiTechResearchBench</requiredResearchBuilding>
		<requiredResearchFacilities><li>MultiAnalyzer</li></requiredResearchFacilities>
		<tab>RimPlasCarbon</tab>
	</ResearchProjectDef>
	
	<ResearchProjectDef>
		<defName>RPGrapheneElectroliser</defName>
		<label>Graphene Electroliser Generator</label>
		<description>Grants the ability to construct the graphene electroliser generator.</description>
		<baseCost>500</baseCost>
		<techLevel>Spacer</techLevel>
		<prerequisites>
			<li>WatermillGenerator</li>
			<li>RimPlas_Graphene</li>
			<li>RimPlas_CarbonComposites</li>
		</prerequisites>
		<requiredResearchBuilding>HiTechResearchBench</requiredResearchBuilding>
		<requiredResearchFacilities><li>MultiAnalyzer</li></requiredResearchFacilities>
		<tab>RimPlasCarbon</tab>
	</ResearchProjectDef>
	
	<ResearchProjectDef>
		<defName>RPSecurityDoors</defName>
		<label>Graphene Security Doors</label>
		<description>Grants the ability to construct intelligent security doors.</description>
		<baseCost>1000</baseCost>
		<techLevel>Spacer</techLevel>
		<prerequisites>
			<li>RimPlas_Graphene</li>
			<li>Autodoors</li>
		</prerequisites>
		<requiredResearchBuilding>HiTechResearchBench</requiredResearchBuilding>
		<requiredResearchFacilities><li>MultiAnalyzer</li></requiredResearchFacilities>
		<tab>RimPlasCarbon</tab>
	</ResearchProjectDef>
	
	<ResearchProjectDef>
		<defName>RimPlas_AdvIntelMats</defName>
		<label>Advanced Intelligent Materials</label>
		<description>Grants the ability to make complex materials with advanced injection moulding.</description>
		<baseCost>1000</baseCost>
		<techLevel>Ultra</techLevel>
		<prerequisites>
			<li>RimPlas_AdvInjMld</li>
			<li>RimPlas_Graphene</li>
			<li>RimPlas_CarbonComposites</li>
		</prerequisites>
		<requiredResearchBuilding>HiTechResearchBench</requiredResearchBuilding>
		<requiredResearchFacilities>
			<li>MultiAnalyzer</li>
		</requiredResearchFacilities>
		<tab>RimPlasCarbon</tab>
	</ResearchProjectDef>

</Defs>

