<?xml version="1.0" encoding="utf-8"?>
<Defs>
	
	<!-- Recipes -->
	
	<!-- Industrial -->
	
	<RecipeDef>
    		<defName>Mould_RPComponentIndustrial</defName>
    		<label>mould RimPlas component</label>
    		<description>Mould a RimPlas component.</description>
    		<jobString>Mould RimPlas component.</jobString>
    		<workSpeedStat>GeneralLaborSpeed</workSpeedStat>
		<effectWorking>Cremate</effectWorking>
		<soundWorking>Recipe_Cremate</soundWorking>
    		<workAmount>2000</workAmount>
		<targetCountAdjustment>1</targetCountAdjustment>
		 <unfinishedThingDef>UnfinishedComponent</unfinishedThingDef>
    		<ingredients>
      		<li>
        			<filter>
          			<thingDefs>
            				<li>RimPlas</li>
          			</thingDefs>
        			</filter>
        			<count>10</count>
      		</li>
			<li>
				<filter>
					<thingDefs>
						<li>Steel</li>
					</thingDefs>
				</filter>
				<count>2</count>
			</li>
		</ingredients>
    <fixedIngredientFilter>
      <thingDefs>
		 <li>RimPlas</li>
        <li>Steel</li>
      </thingDefs>
    </fixedIngredientFilter>
    <products>
      <ComponentIndustrial>1</ComponentIndustrial>
    </products>
		<skillRequirements>
			<Crafting>9</Crafting>
		</skillRequirements>
    <workSkill>Crafting</workSkill>
		<recipeUsers>
			<li>RimPlas_InjMldMachine</li>
		</recipeUsers>
		<researchPrerequisite>RimPlas_Components</researchPrerequisite>
  </RecipeDef>
  
  <!-- Advanced -->
  
    <RecipeDef>
    <defName>Mould_RPComponentSpacer</defName>
    <label>mould RimPlas advanced component</label>
    <description>Mould a RimPlas advanced component.</description>
    <jobString>Moulding RimPlas advanced component.</jobString>
    <workSpeedStat>GeneralLaborSpeed</workSpeedStat>
	<effectWorking>Cremate</effectWorking>
	<soundWorking>Recipe_Cremate</soundWorking>
    <workAmount>4000</workAmount>
	 <unfinishedThingDef>UnfinishedComponent</unfinishedThingDef>
    <ingredients>
      <li>
        <filter>
          <thingDefs>
            <li>ComponentIndustrial</li>
          </thingDefs>
        </filter>
        <count>1</count>
      </li>
      <li>
        <filter>
          <thingDefs>
            <li>RimPlas</li>
          </thingDefs>
        </filter>
        <count>20</count>
      </li>
	  <li>
		  <filter>
		  <thingDefs>
			  <li>Steel</li>
		  </thingDefs>
		  </filter>
		  <count>10</count>
	  </li>
      <li>
        <filter>
          <thingDefs>
            <li>Gold</li>
          </thingDefs>
        </filter>
        <count>0.3</count>
      </li>
      <li>
        <filter>
          <thingDefs>
            <li>Synthbase</li>
          </thingDefs>
        </filter>
        <count>1</count>
      </li>
    </ingredients>
    <fixedIngredientFilter>
      <thingDefs>
        <li>ComponentIndustrial</li>
        <li>RimPlas</li>
		<li>Steel</li>
        <li>Gold</li>
        <li>Synthbase</li>
      </thingDefs>
    </fixedIngredientFilter>
    <products>
      <ComponentSpacer>1</ComponentSpacer>
    </products>
    <researchPrerequisite>RimPlas_AdvComponents</researchPrerequisite>
		<recipeUsers>
			<li>RimPlas_InjMldMachine</li>
		</recipeUsers>
    <skillRequirements>
      <Crafting>10</Crafting>
    </skillRequirements>
    <workSkill>Crafting</workSkill>
  </RecipeDef>
  
</Defs>
