<?xml version="1.0" encoding="utf-8"?>
<Defs>

	<!-- Pitch -->
	
	<ThingDef ParentName="ResourceBase">
    	<defName>CarboPitch</defName>
    	<label>Pitch</label>
    	<description>A synthetic precursor chemical. While it is useless on its own, it is used in the production of other carbon based synthetic materials.</description>
    	<graphicData>
      		<texPath>Things/Item/CarboPitch</texPath>
      		<graphicClass>Graphic_StackCount</graphicClass>
      		<!-- <drawSize>0.90</drawSize> -->
    	</graphicData>
    	<stackLimit>300</stackLimit>
    	<statBases>
      		<MaxHitPoints>50</MaxHitPoints>
      		<MarketValue>3.3</MarketValue>
      		<Mass>0.03</Mass>
      		<Flammability>1.2</Flammability>
	  		<DeteriorationRate>1</DeteriorationRate>
		</statBases>
    	<thingCategories>
      		<li>Manufactured</li>
    	</thingCategories>
		<tradeTags>
			<li>Exotic</li>
		</tradeTags>
		<techLevel>Spacer</techLevel>
  	</ThingDef>
  
  	<!-- CarboFibre -->
  
  	<ThingDef ParentName="ResourceBase">
    	<defName>CarboFibre</defName>
    	<label>Carbon Fibre</label>
    	<description>A synthetic carbon reinforced polymer material used in building a variety of structures and items. Good resistance to heat.</description>
		<techLevel>Spacer</techLevel>
		<tradeTags>
			<li>Exotic</li>
		</tradeTags>
    	<graphicData>
      		<texPath>Things/Item/CarboFibre</texPath>
      		<graphicClass>Graphic_StackCount</graphicClass>
    	</graphicData>
    	<soundInteract>Metal_Drop</soundInteract>
    	<soundDrop>Metal_Drop</soundDrop>
    	<statBases>
      		<MarketValue>12.85</MarketValue>
      		<Mass>0.3</Mass>
			<MaxHitPoints>150</MaxHitPoints>
	  		<Cleanliness>0.1</Cleanliness>
      		<StuffPower_Armor_Sharp>0.55</StuffPower_Armor_Sharp>
      		<StuffPower_Armor_Blunt>0.8</StuffPower_Armor_Blunt>
      		<StuffPower_Armor_Heat>1.2</StuffPower_Armor_Heat>
      		<StuffPower_Insulation_Cold>4</StuffPower_Insulation_Cold>
      		<StuffPower_Insulation_Heat>8</StuffPower_Insulation_Heat>
      		<SharpDamageMultiplier>0.75</SharpDamageMultiplier>
      		<BluntDamageMultiplier>0.5</BluntDamageMultiplier>
			<Flammability>0.1</Flammability>
    	</statBases>
    	<useHitPoints>true</useHitPoints>
    	<thingCategories>
      		<li>ResourcesRaw</li>
    	</thingCategories>
    	<stuffProps>
      		<categories>
        		<li>Metallic</li>
				<li>Woody</li>
      		</categories>
      		<constructEffect>ConstructMetal</constructEffect>
      		<color>(100,100,100)</color>
      		<soundImpactStuff>BulletImpact_Metal</soundImpactStuff>
      		<soundMeleeHitSharp>MeleeHit_Metal_Sharp</soundMeleeHitSharp>
      		<soundMeleeHitBlunt>MeleeHit_Metal_Blunt</soundMeleeHitBlunt>
      		<statFactors>
        		<Beauty>0.40</Beauty>
				<DoorOpenSpeed>1.6</DoorOpenSpeed>
        		<MaxHitPoints>1.1</MaxHitPoints>
				<WorkToBuild>1.8</WorkToBuild>
	    		<MarketValue>0.5</MarketValue>
        		<BedRestEffectiveness>0.95</BedRestEffectiveness>
        		<MeleeWeapon_CooldownMultiplier>0.8</MeleeWeapon_CooldownMultiplier>
				<Flammability>0.1</Flammability>
      		</statFactors>
			<commonality>0</commonality>
    	</stuffProps>
		<burnableByRecipe>true</burnableByRecipe>
		<terrainAffordanceNeeded>Light</terrainAffordanceNeeded>
  	</ThingDef>
  
  	<!-- CarboSynth -->
  
 	<ThingDef ParentName="ResourceBase">
    	<defName>CarboSynth</defName>
    	<label>CarboSynth</label>
    	<description>Synthetic Carbon fibre based cloth. It has a good tolerance for heat.</description>
    	<graphicData>
      		<texPath>Things/Item/CarboSynth</texPath>
      		<graphicClass>Graphic_StackCount</graphicClass>
    	</graphicData>
    	<statBases>
      		<MaxHitPoints>150</MaxHitPoints>
      		<MarketValue>7.3</MarketValue>
      		<Mass>0.041</Mass>
      		<Flammability>0.15</Flammability>
      		<DeteriorationRate>1.5</DeteriorationRate>
      		<StuffPower_Armor_Sharp>0.95</StuffPower_Armor_Sharp>
      		<StuffPower_Armor_Blunt>1.1</StuffPower_Armor_Blunt>
      		<StuffPower_Armor_Heat>2.5</StuffPower_Armor_Heat>
      		<StuffPower_Insulation_Cold>17</StuffPower_Insulation_Cold>
      		<StuffPower_Insulation_Heat>25</StuffPower_Insulation_Heat>
    	</statBases>
    	<stuffProps>
      	<categories>
        	<li>Fabric</li>
      	</categories>
      	<color>(100,100,100)</color>
      	<statFactors>
        	<Flammability>0.15</Flammability>
        	<MaxHitPoints>1.4</MaxHitPoints>
      	</statFactors>
	  	<commonality>0.06</commonality>
    	</stuffProps>
    	<thingCategories>
      		<li>Textiles</li>
    	</thingCategories>
    	<comps>
      		<li>
        		<compClass>CompColorable</compClass>
      		</li>
    	</comps>
		<techLevel>Spacer</techLevel>
		<tradeTags>
			<li>Exotic</li>
		</tradeTags>
		<burnableByRecipe>true</burnableByRecipe>
		<terrainAffordanceNeeded>Light</terrainAffordanceNeeded>
  	</ThingDef>
  
  	<!-- Graphene -->
  
   	<ThingDef ParentName="ResourceBase">
    	<defName>RimPlasGraphene</defName>
    	<label>Graphene</label>
    	<description>An extremely strong synthetic carbon based material used in building a variety of structures and items. It also has a good tolerance to heat and useful electrical properties. The material is more effective against compression or blunt related damage but still effective otherwise.</description>
		<techLevel>Spacer</techLevel>
		<tradeTags>
			<li>Exotic</li>
		</tradeTags>
    	<graphicData>
      		<texPath>Things/Item/RimPlas_Graphene</texPath>
      		<graphicClass>Graphic_StackCount</graphicClass>
    	</graphicData>
    	<soundInteract>Metal_Drop</soundInteract>
    	<soundDrop>Metal_Drop</soundDrop>
    	<statBases>
      		<MarketValue>15.6</MarketValue>
      		<Mass>0.22</Mass>
	  		<Cleanliness>0.15</Cleanliness>
      		<StuffPower_Armor_Sharp>0.75</StuffPower_Armor_Sharp>
      		<StuffPower_Armor_Blunt>1.25</StuffPower_Armor_Blunt>
      		<StuffPower_Armor_Heat>1.5</StuffPower_Armor_Heat>
      		<StuffPower_Insulation_Cold>4</StuffPower_Insulation_Cold>
      		<StuffPower_Insulation_Heat>9</StuffPower_Insulation_Heat>
      		<SharpDamageMultiplier>0.75</SharpDamageMultiplier>
      		<BluntDamageMultiplier>0.5</BluntDamageMultiplier>
			<Flammability>0.1</Flammability>
    	</statBases>
    	<useHitPoints>true</useHitPoints>
    	<thingCategories>
      		<li>ResourcesRaw</li>
    	</thingCategories>
    	<stuffProps>
      		<categories>
       			<li>Metallic</li>
				<li>Woody</li>
      		</categories>
      		<constructEffect>ConstructMetal</constructEffect>
      		<color>(75,75,100)</color>
      		<soundImpactStuff>BulletImpact_Metal</soundImpactStuff>
      		<soundMeleeHitSharp>MeleeHit_Metal_Sharp</soundMeleeHitSharp>
      		<soundMeleeHitBlunt>MeleeHit_Metal_Blunt</soundMeleeHitBlunt>
      		<statFactors>
        		<Beauty>0.8</Beauty>
				<DoorOpenSpeed>2.0</DoorOpenSpeed>
        		<MaxHitPoints>3.5</MaxHitPoints>
				<WorkToBuild>1.9</WorkToBuild>
	    		<MarketValue>0.5</MarketValue>
        		<BedRestEffectiveness>1.1</BedRestEffectiveness>
        		<MeleeWeapon_CooldownMultiplier>0.7</MeleeWeapon_CooldownMultiplier>
				<Flammability>0.1</Flammability>
      		</statFactors>
			<commonality>0</commonality>
    	</stuffProps>
		<burnableByRecipe>false</burnableByRecipe>
		<terrainAffordanceNeeded>Light</terrainAffordanceNeeded>
  	</ThingDef>
  
  	<!-- CarboPlasteel -->
  
   	<ThingDef ParentName="ResourceBase">
    	<defName>CarboPlasteel</defName>
    	<label>CarboPlasteel</label>
    	<description>An extremely strong carbon/plasteel laminate material used in building a variety of structures and items.</description>
		<techLevel>Spacer</techLevel>
		<tradeTags>
			<li>Exotic</li>
		</tradeTags>
    	<graphicData>
      		<texPath>Things/Item/RimPlas_CarboPlasteel</texPath>
      		<graphicClass>Graphic_StackCount</graphicClass>
    	</graphicData>
    	<soundInteract>Metal_Drop</soundInteract>
    	<soundDrop>Metal_Drop</soundDrop>
    	<statBases>
      		<MarketValue>12.5</MarketValue>
      		<Mass>0.25</Mass>
      		<StuffPower_Armor_Sharp>0.95</StuffPower_Armor_Sharp>
      		<StuffPower_Armor_Blunt>1.20</StuffPower_Armor_Blunt>
      		<StuffPower_Armor_Heat>1.3</StuffPower_Armor_Heat>
      		<StuffPower_Insulation_Cold>4</StuffPower_Insulation_Cold>
      		<StuffPower_Insulation_Heat>5</StuffPower_Insulation_Heat>
      		<SharpDamageMultiplier>0.92</SharpDamageMultiplier>
      		<BluntDamageMultiplier>0.7</BluntDamageMultiplier>
			<Flammability>0.05</Flammability>
    	</statBases>
    	<useHitPoints>true</useHitPoints>
    	<thingCategories>
      		<li>ResourcesRaw</li>
    	</thingCategories>
    	<stuffProps>
      		<categories>
       			<li>Metallic</li>
      		</categories>
      		<constructEffect>ConstructMetal</constructEffect>
      		<color>(220,220,225)</color>
      		<soundImpactStuff>BulletImpact_Metal</soundImpactStuff>
      		<soundMeleeHitSharp>MeleeHit_Metal_Sharp</soundMeleeHitSharp>
      		<soundMeleeHitBlunt>MeleeHit_Metal_Blunt</soundMeleeHitBlunt>
      		<statFactors>
       			<Beauty>0.8</Beauty>
				<DoorOpenSpeed>1.5</DoorOpenSpeed>
       			<MaxHitPoints>3.1</MaxHitPoints>
				<WorkToBuild>2.0</WorkToBuild>
	   			<MarketValue>0.5</MarketValue>
       			<BedRestEffectiveness>1.1</BedRestEffectiveness>
       			<MeleeWeapon_CooldownMultiplier>0.75</MeleeWeapon_CooldownMultiplier>
				<Flammability>0.05</Flammability>
      		</statFactors>
			<commonality>0.02</commonality>
    	</stuffProps>
		<burnableByRecipe>false</burnableByRecipe>
		<terrainAffordanceNeeded>Medium</terrainAffordanceNeeded>
  	</ThingDef>
  
</Defs>