<?xml version="1.0" encoding="utf-8"?>
<Defs>

	<ThingDef ParentName="ApparelMakeableBase" Name="RPNanoSuitBase">
    	<defName>RPGrapheneNanoSuit</defName>
    	<label>Graphene Nanosuit</label>
    	<techLevel>Ultra</techLevel>
    	<description>A metallic body garment constructed using mechanites to arrange Graphene Nano fibres and Hyperweave into an intelligent lattice.</description>
    	<graphicData> 
			<texPath>Things/Item/RPGrapheneNanoSuit/RPGrapheneNanoSuit</texPath>
    		<graphicClass>Graphic_Single</graphicClass> 
		</graphicData>
    	<statBases>
      		<Mass>1.0</Mass>
        	<WorkToMake>15000</WorkToMake>
        	<MaxHitPoints>100</MaxHitPoints>
        	<MarketValue>5000</MarketValue>
        	<ArmorRating_Blunt>0.5</ArmorRating_Blunt>
        	<ArmorRating_Sharp>0.5</ArmorRating_Sharp>
        	<ArmorRating_Heat>0.75</ArmorRating_Heat>
        	<Insulation_Cold>12</Insulation_Cold>
        	<Insulation_Heat>12</Insulation_Heat>
        	<Flammability>0.0</Flammability>
        	<DeteriorationRate>0</DeteriorationRate>
        	<Beauty>3</Beauty>
        	<SellPriceFactor>0.5</SellPriceFactor>
    	</statBases>
    	<equippedStatOffsets>
      		<MoveSpeed>+2.0</MoveSpeed>
      		<WorkSpeedGlobal>+0.25</WorkSpeedGlobal>
     		<FoodPoisonChance>-0.250</FoodPoisonChance>
      		<ToxicSensitivity>-1.0</ToxicSensitivity>
      		<MeleeDodgeChance>+0.10</MeleeDodgeChance>
      		<CarryingCapacity>+50</CarryingCapacity>
    	</equippedStatOffsets>
		<costStuffCount>10</costStuffCount>
		<stuffCategories>
			<li>Metallic</li>
		</stuffCategories>
     	<costList>
			<Hyperweave>50</Hyperweave>
			<RimPlasGraphene>40</RimPlasGraphene>
      		<!--<CarboPlasteel>10</CarboPlasteel>-->
    		<RPMechanites>1</RPMechanites>
     	</costList>
    	<thingCategories>
      		<li>Apparel</li>
    	</thingCategories>
    	<generateCommonality>0.0001</generateCommonality>
    	<apparel>
     		<tags>
        		<li>Spacer</li>
     		</tags>
     		<wornGraphicPath>Things/Item/RPGrapheneNanoSuit/RPGrapheneNanoSuit</wornGraphicPath>
        	<layers>
        		<li>OnSkin</li>
        	</layers>
        	<bodyPartGroups>
        		<li>Neck</li>
            	<li>Torso</li>
            	<li>Shoulders</li>
            	<li>Arms</li>
            	<li>Legs</li>
            	<li>Feet</li>
            	<li>Hands</li>
         	</bodyPartGroups>
    	</apparel>
    	<recipeMaker>
     		<workSpeedStat>DrugCookingSpeed</workSpeedStat>
      		<workSkill>Intellectual</workSkill>
      		<effectWorking>Cremate</effectWorking>
      		<soundWorking>Recipe_Cremate</soundWorking>
      		<unfinishedThingDef>UnfinishedMetallicTechArmor</unfinishedThingDef>
      		<researchPrerequisite>RimPlas_AdvIntelMats</researchPrerequisite>
        	<recipeUsers Inherit="false">
				<li>RimPlas_AdvInjMld</li>
        	</recipeUsers>
      		<skillRequirements>
				<Crafting>12</Crafting>
				<Intellectual>15</Intellectual>
      		</skillRequirements>
    	</recipeMaker>
    </ThingDef>
	
	<ThingDef ParentName="RPNanoSuitBase">
		<defName>RPGrapheneShieldNanoSuit</defName>
    	<label>Graphene Shielded Nanosuit</label>
		<thingClass>PelShield.PelShieldApparel</thingClass>
		<tickerType>Normal</tickerType>
		<description>A metallic body garment constructed using mechanites to arrange Graphene Nano fibres and Hyperweave into an intelligent lattice. This version is shielded.</description>
		<graphicData> 
			<texPath>Things/Item/RPGrapheneShieldNanoSuit/RPGrapheneShieldNanoSuit</texPath>
    		<graphicClass>Graphic_Single</graphicClass> 
		</graphicData>
		<statBases>
			<WorkToMake>17500</WorkToMake>
			<MarketValue>5260</MarketValue>
			<EnergyShieldRechargeRate>0.15</EnergyShieldRechargeRate>
      		<EnergyShieldEnergyMax>1.0</EnergyShieldEnergyMax>
		</statBases>
		<apparel>
			<tags>
				<li>PelRegenFromShield</li>
     		</tags>
			<wornGraphicPath>Things/Item/RPGrapheneShieldNanoSuit/RPGrapheneShieldNanoSuit</wornGraphicPath>
		</apparel>
		<costStuffCount>10</costStuffCount>
		<stuffCategories>
			<li>Metallic</li>
		</stuffCategories>
		<costList>
			<Hyperweave>50</Hyperweave>
			<RimPlasGraphene>40</RimPlasGraphene>
      		<!--<CarboPlasteel>10</CarboPlasteel>-->
    		<RPMechanites>1</RPMechanites>
			<Uranium>10</Uranium>
			<ComponentSpacer>1</ComponentSpacer>
     	</costList>
		<recipeMaker>
      		<skillRequirements>
				<Crafting>15</Crafting>
				<Intellectual>15</Intellectual>
      		</skillRequirements>
    	</recipeMaker>
	</ThingDef>

</Defs>