<?xml version="1.0" encoding="utf-8" ?>
<Defs>

  	<ThingDef ParentName="LeatherBase">
    	<defName>Leather_Rimoprene</defName>
    	<label>Rimoprene</label>
    	<description>Synthetic leather</description>
    	<statBases>
	  		<DeteriorationRate>1</DeteriorationRate>
	  		<Mass>0.02</Mass>
      		<MarketValue>7.0</MarketValue>
      		<StuffPower_Armor_Sharp>0.85</StuffPower_Armor_Sharp>
      		<StuffPower_Armor_Blunt>0.30</StuffPower_Armor_Blunt>
      		<StuffPower_Insulation_Cold>25</StuffPower_Insulation_Cold>
      		<StuffPower_Insulation_Heat>27</StuffPower_Insulation_Heat>
	  		<StuffPower_Armor_Heat>1.8</StuffPower_Armor_Heat>
	  		<Flammability>0.5</Flammability>
	  		<Comfort>1.2</Comfort>
	  		<MaxHitPoints>150</MaxHitPoints>
    	</statBases>
    	<graphicData>
      		<color>(50,50,200)</color>
    	</graphicData>
    	<stuffProps>
      		<color>(50,50,200)</color>
      		<commonality>0.015</commonality>
      	<statFactors>
        	<MaxHitPoints>1.3</MaxHitPoints>
      	</statFactors>
    	</stuffProps>
		<techLevel>Spacer</techLevel>
		<burnableByRecipe>true</burnableByRecipe>
		<terrainAffordanceNeeded>Light</terrainAffordanceNeeded>
  	</ThingDef>

  	<RecipeDef>
		<defName>MakeRimoprene</defName>
		<label>Make Rimoprene</label>
		<description>Make 25 Rimoprene.</description>
		<jobString>Making Rimoprene.</jobString>
		<workSpeedStat>GeneralLaborSpeed</workSpeedStat>
		<effectWorking>Cremate</effectWorking>
		<soundWorking>Recipe_Cremate</soundWorking>
		<allowMixingIngredients>true</allowMixingIngredients>
		<workAmount>600</workAmount>
		<targetCountAdjustment>25</targetCountAdjustment>
		<workSkill>Intellectual</workSkill>
		<ingredients>
			<li>
				<filter>
					<thingDefs>
						<li>Chemfuel</li>
					</thingDefs>
				</filter>
				<count>20</count>
			</li>
			<li>
				<filter>
					<thingDefs>
						<li>Synthread</li>
					</thingDefs>
				</filter>
				<count>10</count>
			</li>
			<li>
        		<filter>
          			<categories>
            			<li>Leathers</li>
          			</categories>
          			<disallowedThingDefs>
            			<li>Leather_Thrumbo</li>
						<li>Leather_Rimoprene</li>
          			</disallowedThingDefs>
        		</filter>
        		<count>15</count>
      		</li>
		</ingredients>
		<fixedIngredientFilter>
			<thingDefs>
				<li>Chemfuel</li>
				<li>Synthread</li>
			</thingDefs>
			<categories>
        			<li>Leathers</li>
      		</categories>
			<disallowedThingDefs>
            	<li>Leather_Thrumbo</li>
				<li>Leather_Rimoprene</li>
          	</disallowedThingDefs>
		</fixedIngredientFilter>
		<products>
			<Leather_Rimoprene>25</Leather_Rimoprene>
		</products>
		<recipeUsers>
			<li>BiofuelRefinery</li>
		</recipeUsers>
      	<skillRequirements>
            <Intellectual>6</Intellectual>
      	</skillRequirements>
		<researchPrerequisite>Rimoprene</researchPrerequisite>
	</RecipeDef>
	
	<RecipeDef>
		<defName>MakeBulkRimoprene</defName>
		<label>Make Rimoprene in bulk</label>
		<description>Make 75 Rimoprene.</description>
		<jobString>Making Rimoprene.</jobString>
		<workSpeedStat>GeneralLaborSpeed</workSpeedStat>
		<effectWorking>Cremate</effectWorking>
		<soundWorking>Recipe_Cremate</soundWorking>
		<allowMixingIngredients>true</allowMixingIngredients>
		<workAmount>1700</workAmount>
		<targetCountAdjustment>75</targetCountAdjustment>
		<workSkill>Intellectual</workSkill>
		<ingredients>
			<li>
				<filter>
					<thingDefs>
						<li>Chemfuel</li>
					</thingDefs>
				</filter>
				<count>50</count>
			</li>
			<li>
				<filter>
					<thingDefs>
						<li>Synthread</li>
					</thingDefs>
				</filter>
				<count>30</count>
			</li>
			 <li>
        		<filter>
          			<categories>
            			<li>Leathers</li>
          			</categories>
          			<disallowedThingDefs>
            			<li>Leather_Thrumbo</li>
						<li>Leather_Rimoprene</li>
          			</disallowedThingDefs>
        		</filter>
        		<count>45</count>
      		</li>
		</ingredients>
		<fixedIngredientFilter>
			<thingDefs>
				<li>Chemfuel</li>
				<li>Synthread</li>
			</thingDefs>
			<categories>
        		<li>Leathers</li>
      		</categories>
			<disallowedThingDefs>
            	<li>Leather_Thrumbo</li>
				<li>Leather_Rimoprene</li>
          	</disallowedThingDefs>
		</fixedIngredientFilter>
		<products>
			<Leather_Rimoprene>75</Leather_Rimoprene>
		</products>
		<recipeUsers>
			<li>BiofuelRefinery</li>
		</recipeUsers>
      	<skillRequirements>
            <Intellectual>7</Intellectual>
      	</skillRequirements>
		<researchPrerequisite>Rimoprene</researchPrerequisite>
	</RecipeDef>
  
</Defs>