<?xml version="1.0" encoding="utf-8" ?>
<Defs>

	  <!-- ===================== RimRayon =========================== -->
  
    <ThingDef ParentName="ResourceBase">
    	<defName>RimRayon</defName>
    	<label>RimRayon</label>
    	<description>An early semisynthetic fibre. Made from cellulose (wood) and an organic base (chemfuel).</description>
    	<graphicData>
      		<texPath>Things/Item/RimPlas_RimRayon</texPath>
      		<graphicClass>Graphic_StackCount</graphicClass>
    	</graphicData>
    	<statBases>
      		<MaxHitPoints>120</MaxHitPoints>
      		<MarketValue>2.1</MarketValue>
      		<Mass>0.032</Mass>
      		<Flammability>0.9</Flammability>
      		<DeteriorationRate>3</DeteriorationRate>
      		<StuffPower_Armor_Sharp>0.60</StuffPower_Armor_Sharp>
      		<StuffPower_Armor_Blunt>0.18</StuffPower_Armor_Blunt>
      		<StuffPower_Armor_Heat>0.30</StuffPower_Armor_Heat>
      		<StuffPower_Insulation_Cold>20</StuffPower_Insulation_Cold>
      		<StuffPower_Insulation_Heat>20</StuffPower_Insulation_Heat>
    	</statBases>
    	<stuffProps>
      		<categories>
        		<li>Fabric</li>
      		</categories>
      		<color>(255,224,187)</color>
      		<statFactors>
        		<Flammability>0.9</Flammability>
        		<MaxHitPoints>1.2</MaxHitPoints>
      		</statFactors>
	  		<commonality>0.18</commonality>
    	</stuffProps>
    	<thingCategories>
      		<li>Textiles</li>
    	</thingCategories>
    	<comps>
      	<li>
        	<compClass>CompColorable</compClass>
      	</li>
    	</comps>
		<techLevel>Industrial</techLevel>
		<tradeTags>
			<li>Exotic</li>
		</tradeTags>
		<burnableByRecipe>true</burnableByRecipe>
		<terrainAffordanceNeeded>Light</terrainAffordanceNeeded>
  	</ThingDef>
	
	<!-- ======================= Synth Base ========================= -->
	
	<ThingDef ParentName="ResourceBase">
    	<defName>Synthbase</defName>
    	<label>Synthbase</label>
    	<description>A synthetic precursor chemical. While it is useless on its own, it is used in the production of other synthetic materials.</description>
    	<graphicData>
      		<texPath>Things/Item/Synthbase</texPath>
      		<graphicClass>Graphic_StackCount</graphicClass>
      		<drawSize>0.90</drawSize>
    	</graphicData>
    	<stackLimit>150</stackLimit>
    	<statBases>
      		<MaxHitPoints>50</MaxHitPoints>
      		<MarketValue>8</MarketValue>
      		<Mass>0.02</Mass>
      		<Flammability>1.3</Flammability>
	  		<DeteriorationRate>0.5</DeteriorationRate>
		</statBases>
    	<thingCategories>
      		<li>Manufactured</li>
    	</thingCategories>
		<tradeTags>
			<li>Exotic</li>
		</tradeTags>
		<techLevel>Industrial</techLevel>
  </ThingDef>
  
  <!-- ===================== DevilSynth =========================== -->
  
    <ThingDef ParentName="ResourceBase">
    	<defName>RimPlasDevilSynth</defName>
    	<label>DevilSynth</label>
    	<description>Synthetic version of Devilstrand cloth. An Improvement on the base material</description>
    	<graphicData>
      		<texPath>Things/Item/RimPlas_DevilSynth</texPath>
      		<graphicClass>Graphic_StackCount</graphicClass>
    	</graphicData>
    	<statBases>
      		<MaxHitPoints>150</MaxHitPoints>
      		<MarketValue>6.9</MarketValue>
      		<Mass>0.041</Mass>
      		<Flammability>0.3</Flammability>
      		<DeteriorationRate>2</DeteriorationRate>
      		<StuffPower_Armor_Sharp>1.45</StuffPower_Armor_Sharp>
      		<StuffPower_Armor_Blunt>0.42</StuffPower_Armor_Blunt>
      		<StuffPower_Armor_Heat>3.25</StuffPower_Armor_Heat>
      		<StuffPower_Insulation_Cold>21</StuffPower_Insulation_Cold>
      		<StuffPower_Insulation_Heat>26</StuffPower_Insulation_Heat>
    	</statBases>
    	<stuffProps>
      		<categories>
        		<li>Fabric</li>
      		</categories>
      		<color>(37,13,39)</color>
      		<statFactors>
        		<Flammability>0.3</Flammability>
        		<MaxHitPoints>1.4</MaxHitPoints>
      		</statFactors>
	  		<commonality>0.06</commonality>
    	</stuffProps>
    	<thingCategories>
      		<li>Textiles</li>
    	</thingCategories>
    	<comps>
      		<li>
        		<compClass>CompColorable</compClass>
      		</li>
    	</comps>
		<techLevel>Spacer</techLevel>
		<tradeTags>
			<li>Exotic</li>
		</tradeTags>
		<burnableByRecipe>true</burnableByRecipe>
		<terrainAffordanceNeeded>Light</terrainAffordanceNeeded>
  </ThingDef>
  
  <!-- =========== Plasteel Wool ================= -->
  
  	<ThingDef ParentName="WoolBase">
    	<defName>RimPlas_Plasteel_Wool</defName>
    	<label>Plasteel Wool</label>
    	<description>A synthetic fibre derived from Plasteel.</description>
    	<graphicData>
	  		<texPath>Things/Item/RimPlas_Plasteel_Wool/RimPlas_Plasteel_Wool</texPath>
      		<graphicClass>Graphic_Single</graphicClass>
      		<color>(107,138,140)</color>
    	</graphicData>
		<techLevel>Spacer</techLevel>
		<tradeTags>
			<li>Exotic</li>
		</tradeTags>
    	<statBases>
	  		<MaxHitPoints>250</MaxHitPoints>
      		<MarketValue>8.5</MarketValue>
	  		<DeteriorationRate>0.5</DeteriorationRate>
	  		<Flammability>0.65</Flammability>
			<Mass>0.030</Mass>
      		<StuffPower_Armor_Sharp>1.5</StuffPower_Armor_Sharp>
	  		<StuffPower_Armor_Blunt>0.55</StuffPower_Armor_Blunt>
	  		<StuffPower_Armor_Heat>1.7</StuffPower_Armor_Heat>
      		<StuffPower_Insulation_Cold>21</StuffPower_Insulation_Cold>
      		<StuffPower_Insulation_Heat>27</StuffPower_Insulation_Heat> 
    	</statBases>
    	<stuffProps>
      		<color>(107,138,140)</color>
	  		<commonality>0.01</commonality>
    	</stuffProps>
		<burnableByRecipe>true</burnableByRecipe>
		<terrainAffordanceNeeded>Light</terrainAffordanceNeeded>
  	</ThingDef>
	
	<!-- =========== Electrosteel Wool ================= -->
  
  	<ThingDef ParentName="WoolBase">
    	<defName>RimPlas_ElectroSteel_Wool</defName>
    	<label>ElectroSteel Wool</label>
    	<description>A thin synthetic fibre derived from Steel and Silver.</description>
    	<graphicData>
	  		<texPath>Things/Item/RimPlas_ElectroSteel_Wool/RimPlas_ElectroSteel_Wool</texPath>
      		<graphicClass>Graphic_Single</graphicClass>
      		<color>(150,150,150)</color>
    	</graphicData>
		<techLevel>Spacer</techLevel>
		<tradeTags>
			<li>Exotic</li>
		</tradeTags>
    	<statBases>
	  		<MaxHitPoints>200</MaxHitPoints>
      		<MarketValue>2.5</MarketValue>
	  		<DeteriorationRate>0.5</DeteriorationRate>
	  		<Flammability>1.5</Flammability>
			<Mass>0.032</Mass>
      		<StuffPower_Armor_Sharp>0.85</StuffPower_Armor_Sharp>
	  		<StuffPower_Armor_Blunt>0.42</StuffPower_Armor_Blunt>
	  		<StuffPower_Armor_Heat>0.42</StuffPower_Armor_Heat>
      		<StuffPower_Insulation_Cold>12</StuffPower_Insulation_Cold>
      		<StuffPower_Insulation_Heat>8</StuffPower_Insulation_Heat> 
    	</statBases>
    	<stuffProps>
      		<color>(150,150,150)</color>
	  		<commonality>0.02</commonality>
			<statFactors>
        		<Flammability>1.5</Flammability>
        		<Beauty>1.5</Beauty>
      		</statFactors>
    	</stuffProps>
		<burnableByRecipe>true</burnableByRecipe>
		<terrainAffordanceNeeded>Medium</terrainAffordanceNeeded>
  	</ThingDef>
	
	<!-- =========== Gold Wool ================= -->
  
  	<ThingDef ParentName="WoolBase">
    	<defName>RimPlas_Gold_Wool</defName>
    	<label>Gold Wool</label>
    	<description>A thin synthetic fibre derived from Gold.</description>
    	<graphicData>
	  		<texPath>Things/Item/RimPlas_Gold_Wool/RimPlas_Gold_Wool</texPath>
      		<graphicClass>Graphic_Single</graphicClass>
      		<color>(255,235,122)</color>
    	</graphicData>
		<techLevel>Spacer</techLevel>
		<tradeTags>
			<li>Exotic</li>
		</tradeTags>
    	<statBases>
	  		<MaxHitPoints>150</MaxHitPoints>
      		<MarketValue>12</MarketValue>
	  		<DeteriorationRate>0.5</DeteriorationRate>
	  		<Flammability>1.0</Flammability>
			<Mass>0.040</Mass>
      		<StuffPower_Armor_Sharp>0.70</StuffPower_Armor_Sharp>
	  		<StuffPower_Armor_Blunt>0.38</StuffPower_Armor_Blunt>
	  		<StuffPower_Armor_Heat>0.38</StuffPower_Armor_Heat>
      		<StuffPower_Insulation_Cold>10</StuffPower_Insulation_Cold>
      		<StuffPower_Insulation_Heat>10</StuffPower_Insulation_Heat> 
    	</statBases>
    	<stuffProps>
      		<color>(255,235,122)</color>
	  		<commonality>0.01</commonality>
			<statFactors>
        		<Flammability>1.0</Flammability>
        		<Beauty>4.5</Beauty>
      		</statFactors>
    	</stuffProps>
		<burnableByRecipe>true</burnableByRecipe>
		<terrainAffordanceNeeded>Heavy</terrainAffordanceNeeded>
  	</ThingDef>
  
</Defs>