<?xml version="1.0" encoding="utf-8"?>
<ModMetaData>
  <name>RimPlas</name>
  <author>pelador</author>
    <supportedVersions>
		<li>1.1</li>
	</supportedVersions>
   	<packageId>pelador.rimplas</packageId>
  <description>RimPlas: a synthetics mod</description>
    	<modDependencies>
		<li>
        	<packageId>brrainz.harmony</packageId>
        	<displayName>Harmony</displayName>
        	<steamWorkshopUrl>steam://url/CommunityFilePage/2009463077</steamWorkshopUrl>
        	<downloadUrl>https://github.com/pardeike/HarmonyRimWorld/releases/download/v1.0.0/Harmony.zip</downloadUrl>
    	</li>
    </modDependencies>
	<loadAfter>
		<li>brrainz.harmony</li>
		<li>Ludeon.RimWorld</li>
        <li>Ludeon.RimWorld.Royalty</li>
    </loadAfter>
</ModMetaData>
